ano,valor,pais,codigo_pais
2024,,Afghanistan,AF
2023,,Afghanistan,AF
2022,15.3429203033447,Afghanistan,AF
2021,11.6300001144409,Afghanistan,AF
2020,16.7799663543701,Afghanistan,AF
2019,,Afghanistan,AF
2018,,Afghanistan,AF
2017,16.0005588531494,Afghanistan,AF
2016,,Afghanistan,AF
2015,13.1258096694946,Afghanistan,AF
2014,10.9864730834961,Afghanistan,AF
2013,,Afghanistan,AF
2012,,Afghanistan,AF
2011,,Afghanistan,AF
2010,,Afghanistan,AF
2009,,Afghanistan,AF
2008,,Afghanistan,AF
2007,,Afghanistan,AF
2006,,Afghanistan,AF
2005,,Afghanistan,AF
2004,,Afghanistan,AF
2003,,Afghanistan,AF
2002,,Afghanistan,AF
2001,,Afghanistan,AF
2000,,Afghanistan,AF
1999,,Afghanistan,AF
1998,,Afghanistan,AF
1997,,Afghanistan,AF
1996,,Afghanistan,AF
1995,,Afghanistan,AF
1994,,Afghanistan,AF
1993,,Afghanistan,AF
1992,,Afghanistan,AF
1991,,Afghanistan,AF
1990,,Afghanistan,AF
