ano,valor,pais,codigo_pais
2024,,Albania,AL
2023,,Albania,AL
2022,92.1410675048828,Albania,AL
2021,91.8594970703125,Albania,AL
2020,,Albania,AL
2019,90.7103652954102,Albania,AL
2018,90.2688522338867,Albania,AL
2017,83.5595169067383,Albania,AL
2016,89.3892822265625,Albania,AL
2015,88.6462173461914,Albania,AL
2014,87.4635696411133,Albania,AL
2013,86.9020080566406,Albania,AL
2012,87.2099990844727,Albania,AL
2011,85.2300033569336,Albania,AL
2010,83.5399932861328,Albania,AL
2009,,Albania,AL
2008,81.7300033569336,Albania,AL
2007,,Albania,AL
2006,,Albania,AL
2005,,Albania,AL
2004,,Albania,AL
2003,,Albania,AL
2002,,Albania,AL
2001,75.7300033569336,Albania,AL
2000,,Albania,AL
1999,,Albania,AL
1998,,Albania,AL
1997,,Albania,AL
1996,,Albania,AL
1995,,Albania,AL
1994,,Albania,AL
1993,,Albania,AL
1992,,Albania,AL
1991,,Albania,AL
1990,,Albania,AL
