ano,valor,pais,codigo_pais
2024,,Andorra,AD
2023,,Andorra,AD
2022,83.1600036621094,Andorra,AD
2021,,Andorra,AD
2020,,Andorra,AD
2019,,Andorra,AD
2018,,Andorra,AD
2017,,Andorra,AD
2016,72.3300018310547,Andorra,AD
2015,72.5,Andorra,AD
2014,72.8399963378906,Andorra,AD
2013,,Andorra,AD
2012,,Andorra,AD
2011,,Andorra,AD
2010,,Andorra,AD
2009,,Andorra,AD
2008,,Andorra,AD
2007,,Andorra,AD
2006,,Andorra,AD
2005,,Andorra,AD
2004,,Andorra,AD
2003,,Andorra,AD
2002,,Andorra,AD
2001,,Andorra,AD
2000,,Andorra,AD
1999,,Andorra,AD
1998,,Andorra,AD
1997,,Andorra,AD
1996,,Andorra,AD
1995,,Andorra,AD
1994,,Andorra,AD
1993,,Andorra,AD
1992,,Andorra,AD
1991,,Andorra,AD
1990,,Andorra,AD
