ano,valor,pais,codigo_pais
2024,,Argentina,AR
2023,,Argentina,AR
2022,,Argentina,AR
2021,,Argentina,AR
2020,,Argentina,AR
2019,,Argentina,AR
2018,,Argentina,AR
2017,,Argentina,AR
2016,,Argentina,AR
2015,,Argentina,AR
2014,,Argentina,AR
2013,,Argentina,AR
2012,,Argentina,AR
2011,,Argentina,AR
2010,,Argentina,AR
2009,,Argentina,AR
2008,,Argentina,AR
2007,,Argentina,AR
2006,,Argentina,AR
2005,,Argentina,AR
2004,,Argentina,AR
2003,56.3800010681152,Argentina,AR
2002,,Argentina,AR
2001,45.8899993896484,Argentina,AR
2000,,Argentina,AR
1999,,Argentina,AR
1998,,Argentina,AR
1997,,Argentina,AR
1996,,Argentina,AR
1995,,Argentina,AR
1994,,Argentina,AR
1993,,Argentina,AR
1992,,Argentina,AR
1991,37.3600006103516,Argentina,AR
1990,,Argentina,AR
