ano,valor,pais,codigo_pais
2024,,Armenia,AM
2023,,Armenia,AM
2022,99.1877365112305,Armenia,AM
2021,99.1356735229492,Armenia,AM
2020,96.4700012207031,Armenia,AM
2019,99.6308898925781,Armenia,AM
2018,99.4843444824219,Armenia,AM
2017,96.5899963378906,Armenia,AM
2016,88.7732009887695,Armenia,AM
2015,97.2200012207031,Armenia,AM
2014,99.1540679931641,Armenia,AM
2013,99.0524444580078,Armenia,AM
2012,98.8103332519531,Armenia,AM
2011,96.5999984741211,Armenia,AM
2010,98.2492752075195,Armenia,AM
2009,,Armenia,AM
2008,,Armenia,AM
2007,,Armenia,AM
2006,,Armenia,AM
2005,,Armenia,AM
2004,,Armenia,AM
2003,,Armenia,AM
2002,,Armenia,AM
2001,91.0800018310547,Armenia,AM
2000,,Armenia,AM
1999,,Armenia,AM
1998,,Armenia,AM
1997,,Armenia,AM
1996,,Armenia,AM
1995,,Armenia,AM
1994,,Armenia,AM
1993,,Armenia,AM
1992,,Armenia,AM
1991,,Armenia,AM
1990,,Armenia,AM
