ano,valor,pais,codigo_pais
2024,,Australia,AU
2023,92.864372253418,Australia,AU
2022,95.0199966430664,Australia,AU
2021,94.5500030517578,Australia,AU
2020,94.5100021362305,Australia,AU
2019,93.9499969482422,Australia,AU
2018,93.4400024414062,Australia,AU
2017,93.0100021362305,Australia,AU
2016,92.7600021362305,Australia,AU
2015,92.6500015258789,Australia,AU
2014,91.8300018310547,Australia,AU
2013,91.0800018310547,Australia,AU
2012,94.4499969482422,Australia,AU
2011,93.6100006103516,Australia,AU
2010,93.1999969482422,Australia,AU
2009,92.2399978637695,Australia,AU
2008,92.3300018310547,Australia,AU
2007,91.7200012207031,Australia,AU
2006,91.1399993896484,Australia,AU
2005,90.8499984741211,Australia,AU
2004,89.7399978637695,Australia,AU
2003,,Australia,AU
2002,,Australia,AU
2001,,Australia,AU
2000,,Australia,AU
1999,,Australia,AU
1998,,Australia,AU
1997,,Australia,AU
1996,,Australia,AU
1995,,Australia,AU
1994,,Australia,AU
1993,,Australia,AU
1992,,Australia,AU
1991,,Australia,AU
1990,,Australia,AU
