ano,valor,pais,codigo_pais
2024,,Austria,AT
2023,98.8269500732422,Austria,AT
2022,98.8794631958008,Austria,AT
2021,98.7793884277344,Austria,AT
2020,98.95654296875,Austria,AT
2019,98.8267288208008,Austria,AT
2018,98.932014465332,Austria,AT
2017,99.0294952392578,Austria,AT
2016,98.9686431884766,Austria,AT
2015,98.9923782348633,Austria,AT
2014,99.5500030517578,Austria,AT
2013,99.2856521606445,Austria,AT
2012,99.1603012084961,Austria,AT
2011,99.159309387207,Austria,AT
2010,99.2569732666016,Austria,AT
2009,,Austria,AT
2008,,Austria,AT
2007,,Austria,AT
2006,,Austria,AT
2005,,Austria,AT
2004,,Austria,AT
2003,,Austria,AT
2002,,Austria,AT
2001,,Austria,AT
2000,,Austria,AT
1999,,Austria,AT
1998,,Austria,AT
1997,,Austria,AT
1996,,Austria,AT
1995,,Austria,AT
1994,,Austria,AT
1993,,Austria,AT
1992,,Austria,AT
1991,,Austria,AT
1990,,Austria,AT
