ano,valor,pais,codigo_pais
2024,,Azerbaijan,AZ
2023,98.1900024414062,Azerbaijan,AZ
2022,98.6476593017578,Azerbaijan,AZ
2021,98.2327194213867,Azerbaijan,AZ
2020,,Azerbaijan,AZ
2019,95.5199966430664,Azerbaijan,AZ
2018,95.4899978637695,Azerbaijan,AZ
2017,95.5199966430664,Azerbaijan,AZ
2016,95.6399993896484,Azerbaijan,AZ
2015,95.6100006103516,Azerbaijan,AZ
2014,95.6100006103516,Azerbaijan,AZ
2013,95.5999984741211,Azerbaijan,AZ
2012,95.5699996948242,Azerbaijan,AZ
2011,95.5599975585938,Azerbaijan,AZ
2010,95.5699996948242,Azerbaijan,AZ
2009,95.4700012207031,Azerbaijan,AZ
2008,95.4100036621094,Azerbaijan,AZ
2007,95.3300018310547,Azerbaijan,AZ
2006,,Azerbaijan,AZ
2005,,Azerbaijan,AZ
2004,,Azerbaijan,AZ
2003,,Azerbaijan,AZ
2002,,Azerbaijan,AZ
2001,,Azerbaijan,AZ
2000,,Azerbaijan,AZ
1999,92.8399963378906,Azerbaijan,AZ
1998,,Azerbaijan,AZ
1997,,Azerbaijan,AZ
1996,,Azerbaijan,AZ
1995,,Azerbaijan,AZ
1994,,Azerbaijan,AZ
1993,,Azerbaijan,AZ
1992,,Azerbaijan,AZ
1991,,Azerbaijan,AZ
1990,,Azerbaijan,AZ
