ano,valor,pais,codigo_pais
2024,,"Bahamas, The",BS
2023,94.5745544433594,"Bahamas, The",BS
2022,,"Bahamas, The",BS
2021,,"Bahamas, The",BS
2020,,"Bahamas, The",BS
2019,92.2605590820312,"Bahamas, The",BS
2018,,"Bahamas, The",BS
2017,,"Bahamas, The",BS
2016,,"Bahamas, The",BS
2015,,"Bahamas, The",BS
2014,,"Bahamas, The",BS
2013,,"Bahamas, The",BS
2012,,"Bahamas, The",BS
2011,,"Bahamas, The",BS
2010,89.1399993896484,"Bahamas, The",BS
2009,,"Bahamas, The",BS
2008,,"Bahamas, The",BS
2007,,"Bahamas, The",BS
2006,,"Bahamas, The",BS
2005,,"Bahamas, The",BS
2004,,"Bahamas, The",BS
2003,,"Bahamas, The",BS
2002,,"Bahamas, The",BS
2001,,"Bahamas, The",BS
2000,90.1100006103516,"Bahamas, The",BS
1999,,"Bahamas, The",BS
1998,,"Bahamas, The",BS
1997,,"Bahamas, The",BS
1996,,"Bahamas, The",BS
1995,,"Bahamas, The",BS
1994,,"Bahamas, The",BS
1993,,"Bahamas, The",BS
1992,,"Bahamas, The",BS
1991,,"Bahamas, The",BS
1990,71.1999969482422,"Bahamas, The",BS
