ano,valor,pais,codigo_pais
2024,,Bahrain,BH
2023,82.8600006103516,Bahrain,BH
2022,83.0299987792969,Bahrain,BH
2021,,Bahrain,BH
2020,82.0500030517578,Bahrain,BH
2019,,Bahrain,BH
2018,79.9400024414062,Bahrain,BH
2017,72.3499984741211,Bahrain,BH
2016,69.2200012207031,Bahrain,BH
2015,,Bahrain,BH
2014,,Bahrain,BH
2013,,Bahrain,BH
2012,,Bahrain,BH
2011,,Bahrain,BH
2010,54.9000015258789,Bahrain,BH
2009,,Bahrain,BH
2008,,Bahrain,BH
2007,,Bahrain,BH
2006,,Bahrain,BH
2005,,Bahrain,BH
2004,,Bahrain,BH
2003,,Bahrain,BH
2002,,Bahrain,BH
2001,68.3399963378906,Bahrain,BH
2000,,Bahrain,BH
1999,,Bahrain,BH
1998,,Bahrain,BH
1997,,Bahrain,BH
1996,,Bahrain,BH
1995,,Bahrain,BH
1994,,Bahrain,BH
1993,,Bahrain,BH
1992,,Bahrain,BH
1991,35.4000015258789,Bahrain,BH
1990,,Bahrain,BH
