ano,valor,pais,codigo_pais
2024,,Bangladesh,BD
2023,,Bangladesh,BD
2022,45.6067848205566,Bangladesh,BD
2021,48.6500015258789,Bangladesh,BD
2020,,Bangladesh,BD
2019,44.6800003051758,Bangladesh,BD
2018,43.6399993896484,Bangladesh,BD
2017,42.6199989318848,Bangladesh,BD
2016,41.5,Bangladesh,BD
2015,40.8400001525879,Bangladesh,BD
2014,34.9199981689453,Bangladesh,BD
2013,33.7099990844727,Bangladesh,BD
2012,36.0499992370605,Bangladesh,BD
2011,35.2999992370605,Bangladesh,BD
2010,,Bangladesh,BD
2009,,Bangladesh,BD
2008,,Bangladesh,BD
2007,,Bangladesh,BD
2006,,Bangladesh,BD
2005,,Bangladesh,BD
2004,,Bangladesh,BD
2003,,Bangladesh,BD
2002,,Bangladesh,BD
2001,26.7099990844727,Bangladesh,BD
2000,,Bangladesh,BD
1999,,Bangladesh,BD
1998,,Bangladesh,BD
1997,,Bangladesh,BD
1996,,Bangladesh,BD
1995,,Bangladesh,BD
1994,,Bangladesh,BD
1993,,Bangladesh,BD
1992,,Bangladesh,BD
1991,,Bangladesh,BD
1990,,Bangladesh,BD
