ano,valor,pais,codigo_pais
2024,,Barbados,BB
2023,,Barbados,BB
2022,,Barbados,BB
2021,,Barbados,BB
2020,,Barbados,BB
2019,49.6092338562012,Barbados,BB
2018,49.4243774414062,Barbados,BB
2017,47.281608581543,Barbados,BB
2016,64.8206176757812,Barbados,BB
2015,45.4208297729492,Barbados,BB
2014,,Barbados,BB
2013,,Barbados,BB
2012,,Barbados,BB
2011,,Barbados,BB
2010,,Barbados,BB
2009,,Barbados,BB
2008,,Barbados,BB
2007,,Barbados,BB
2006,,Barbados,BB
2005,,Barbados,BB
2004,,Barbados,BB
2003,,Barbados,BB
2002,,Barbados,BB
2001,,Barbados,BB
2000,78.0999984741211,Barbados,BB
1999,,Barbados,BB
1998,,Barbados,BB
1997,,Barbados,BB
1996,,Barbados,BB
1995,,Barbados,BB
1994,,Barbados,BB
1993,,Barbados,BB
1992,,Barbados,BB
1991,,Barbados,BB
1990,,Barbados,BB
