ano,valor,pais,codigo_pais
2024,,Belgium,BE
2023,,Belgium,BE
2022,89.5966262817383,Belgium,BE
2021,89.246940612793,Belgium,BE
2020,89.1208648681641,Belgium,BE
2019,88.4300003051758,Belgium,BE
2018,87.6263275146484,Belgium,BE
2017,86.5,Belgium,BE
2016,84.7900009155273,Belgium,BE
2015,84.3600006103516,Belgium,BE
2014,82.3399963378906,Belgium,BE
2013,81.5899963378906,Belgium,BE
2012,80.2900009155273,Belgium,BE
2011,80.0999984741211,Belgium,BE
2010,79.6399993896484,Belgium,BE
2009,79.4300003051758,Belgium,BE
2008,78.3199996948242,Belgium,BE
2007,,Belgium,BE
2006,76.7900009155273,Belgium,BE
2005,,Belgium,BE
2004,,Belgium,BE
2003,,Belgium,BE
2002,,Belgium,BE
2001,,Belgium,BE
2000,,Belgium,BE
1999,,Belgium,BE
1998,,Belgium,BE
1997,,Belgium,BE
1996,,Belgium,BE
1995,,Belgium,BE
1994,,Belgium,BE
1993,,Belgium,BE
1992,,Belgium,BE
1991,,Belgium,BE
1990,,Belgium,BE
