ano,valor,pais,codigo_pais
2024,,Bolivia,BO
2023,62.4274368286133,Bolivia,BO
2022,61.2622833251953,Bolivia,BO
2021,63.7299995422363,Bolivia,BO
2020,62.5,Bolivia,BO
2019,62.5299987792969,Bolivia,BO
2018,58.9500007629395,Bolivia,BO
2017,57.6199989318848,Bolivia,BO
2016,57.4199981689453,Bolivia,BO
2015,56.4099998474121,Bolivia,BO
2014,54.7099990844727,Bolivia,BO
2013,58.6500015258789,Bolivia,BO
2012,56.2400016784668,Bolivia,BO
2011,53.9900016784668,Bolivia,BO
2010,,Bolivia,BO
2009,51.3400001525879,Bolivia,BO
2008,49.6300010681152,Bolivia,BO
2007,49.8800010681152,Bolivia,BO
2006,46.3499984741211,Bolivia,BO
2005,44.6399993896484,Bolivia,BO
2004,40.0200004577637,Bolivia,BO
2003,,Bolivia,BO
2002,39.9500007629395,Bolivia,BO
2001,41.5900001525879,Bolivia,BO
2000,43.2000007629395,Bolivia,BO
1999,,Bolivia,BO
1998,,Bolivia,BO
1997,,Bolivia,BO
1996,,Bolivia,BO
1995,,Bolivia,BO
1994,,Bolivia,BO
1993,,Bolivia,BO
1992,44.6800003051758,Bolivia,BO
1991,,Bolivia,BO
1990,,Bolivia,BO
