ano,valor,pais,codigo_pais
2024,,Botswana,BW
2023,71.9414672851562,Botswana,BW
2022,70.0046463012695,Botswana,BW
2021,71.1575546264648,Botswana,BW
2020,68.7382202148438,Botswana,BW
2019,67.608024597168,Botswana,BW
2018,,Botswana,BW
2017,,Botswana,BW
2016,,Botswana,BW
2015,,Botswana,BW
2014,,Botswana,BW
2013,,Botswana,BW
2012,,Botswana,BW
2011,,Botswana,BW
2010,,Botswana,BW
2009,,Botswana,BW
2008,,Botswana,BW
2007,,Botswana,BW
2006,,Botswana,BW
2005,,Botswana,BW
2004,,Botswana,BW
2003,,Botswana,BW
2002,,Botswana,BW
2001,,Botswana,BW
2000,,Botswana,BW
1999,,Botswana,BW
1998,,Botswana,BW
1997,,Botswana,BW
1996,,Botswana,BW
1995,,Botswana,BW
1994,,Botswana,BW
1993,,Botswana,BW
1992,,Botswana,BW
1991,,Botswana,BW
1990,,Botswana,BW
