ano,valor,pais,codigo_pais
2024,,Bulgaria,BG
2023,,Bulgaria,BG
2022,96.3750305175781,Bulgaria,BG
2021,95.9116287231445,Bulgaria,BG
2020,95.6699981689453,Bulgaria,BG
2019,95.5573577880859,Bulgaria,BG
2018,95.4031372070312,Bulgaria,BG
2017,95.3899993896484,Bulgaria,BG
2016,95.1399993896484,Bulgaria,BG
2015,94.8199996948242,Bulgaria,BG
2014,94.25,Bulgaria,BG
2013,94.3300018310547,Bulgaria,BG
2012,94.3000030517578,Bulgaria,BG
2011,93.7399978637695,Bulgaria,BG
2010,93.2200012207031,Bulgaria,BG
2009,92.5800018310547,Bulgaria,BG
2008,92.1600036621094,Bulgaria,BG
2007,91.9700012207031,Bulgaria,BG
2006,91.25,Bulgaria,BG
2005,,Bulgaria,BG
2004,,Bulgaria,BG
2003,,Bulgaria,BG
2002,,Bulgaria,BG
2001,87.8600006103516,Bulgaria,BG
2000,,Bulgaria,BG
1999,,Bulgaria,BG
1998,,Bulgaria,BG
1997,,Bulgaria,BG
1996,,Bulgaria,BG
1995,,Bulgaria,BG
1994,,Bulgaria,BG
1993,,Bulgaria,BG
1992,50.7599983215332,Bulgaria,BG
1991,,Bulgaria,BG
1990,,Bulgaria,BG
