ano,valor,pais,codigo_pais
2024,,Canada,CA
2023,96.3000946044922,Canada,CA
2022,96.1069641113281,Canada,CA
2021,95.9441070556641,Canada,CA
2020,95.5116195678711,Canada,CA
2019,95.113395690918,Canada,CA
2018,95.1618194580078,Canada,CA
2017,94.8020858764648,Canada,CA
2016,94.4660949707031,Canada,CA
2015,94.2533645629883,Canada,CA
2014,93.9242706298828,Canada,CA
2013,93.7035903930664,Canada,CA
2012,93.5289535522461,Canada,CA
2011,93.145133972168,Canada,CA
2010,92.8302536010742,Canada,CA
2009,,Canada,CA
2008,,Canada,CA
2007,,Canada,CA
2006,,Canada,CA
2005,,Canada,CA
2004,,Canada,CA
2003,,Canada,CA
2002,,Canada,CA
2001,,Canada,CA
2000,,Canada,CA
1999,,Canada,CA
1998,,Canada,CA
1997,,Canada,CA
1996,,Canada,CA
1995,,Canada,CA
1994,,Canada,CA
1993,,Canada,CA
1992,,Canada,CA
1991,83.620002746582,Canada,CA
1990,,Canada,CA
