ano,valor,pais,codigo_pais
2024,,Colombia,CO
2023,61.0309257507324,Colombia,CO
2022,60.1399993896484,Colombia,CO
2021,58.0499992370605,Colombia,CO
2020,57.7400016784668,Colombia,CO
2019,55.1800003051758,Colombia,CO
2018,53.6300010681152,Colombia,CO
2017,52.2900009155273,Colombia,CO
2016,51.2900009155273,Colombia,CO
2015,49.5499992370605,Colombia,CO
2014,48.6800003051758,Colombia,CO
2013,47.5299987792969,Colombia,CO
2012,45.9300003051758,Colombia,CO
2011,44.9199981689453,Colombia,CO
2010,43.75,Colombia,CO
2009,43.1100006103516,Colombia,CO
2008,43.6399993896484,Colombia,CO
2007,41.9300003051758,Colombia,CO
2006,37.8800010681152,Colombia,CO
2005,40.7999992370605,Colombia,CO
2004,39.7200012207031,Colombia,CO
2003,38.3699989318848,Colombia,CO
2002,37.6800003051758,Colombia,CO
2001,,Colombia,CO
2000,,Colombia,CO
1999,,Colombia,CO
1998,,Colombia,CO
1997,,Colombia,CO
1996,,Colombia,CO
1995,,Colombia,CO
1994,,Colombia,CO
1993,41.2700004577637,Colombia,CO
1992,,Colombia,CO
1991,,Colombia,CO
1990,,Colombia,CO
