ano,valor,pais,codigo_pais
2024,,Cote d'Ivoire,CI
2023,,Cote d'Ivoire,CI
2022,25.4095935821533,Cote d'Ivoire,CI
2021,26.6700000762939,Cote d'Ivoire,CI
2020,,Cote d'Ivoire,CI
2019,14.9650325775146,Cote d'Ivoire,CI
2018,,Cote d'Ivoire,CI
2017,,Cote d'Ivoire,CI
2016,19.4832496643066,Cote d'Ivoire,CI
2015,,Cote d'Ivoire,CI
2014,24.7399997711182,Cote d'Ivoire,CI
2013,18.2702083587646,Cote d'Ivoire,CI
2012,25.2712841033936,Cote d'Ivoire,CI
2011,,Cote d'Ivoire,CI
2010,,Cote d'Ivoire,CI
2009,,Cote d'Ivoire,CI
2008,,Cote d'Ivoire,CI
2007,,Cote d'Ivoire,CI
2006,,Cote d'Ivoire,CI
2005,,Cote d'Ivoire,CI
2004,,Cote d'Ivoire,CI
2003,,Cote d'Ivoire,CI
2002,,Cote d'Ivoire,CI
2001,,Cote d'Ivoire,CI
2000,,Cote d'Ivoire,CI
1999,,Cote d'Ivoire,CI
1998,41.7599983215332,Cote d'Ivoire,CI
1997,,Cote d'Ivoire,CI
1996,,Cote d'Ivoire,CI
1995,,Cote d'Ivoire,CI
1994,,Cote d'Ivoire,CI
1993,,Cote d'Ivoire,CI
1992,,Cote d'Ivoire,CI
1991,,Cote d'Ivoire,CI
1990,,Cote d'Ivoire,CI
