ano,valor,pais,codigo_pais
2024,,Cyprus,CY
2023,,Cyprus,CY
2022,85.8635025024414,Cyprus,CY
2021,84.6264495849609,Cyprus,CY
2020,82.9199981689453,Cyprus,CY
2019,81.826530456543,Cyprus,CY
2018,81.7699966430664,Cyprus,CY
2017,80.8327407836914,Cyprus,CY
2016,80.3099975585938,Cyprus,CY
2015,78.6399993896484,Cyprus,CY
2014,78.9599990844727,Cyprus,CY
2013,79.6999969482422,Cyprus,CY
2012,78.6999969482422,Cyprus,CY
2011,77.2200012207031,Cyprus,CY
2010,75.8399963378906,Cyprus,CY
2009,74.5100021362305,Cyprus,CY
2008,73.9899978637695,Cyprus,CY
2007,73.370002746582,Cyprus,CY
2006,71.6800003051758,Cyprus,CY
2005,69.1900024414062,Cyprus,CY
2004,67.379997253418,Cyprus,CY
2003,,Cyprus,CY
2002,,Cyprus,CY
2001,,Cyprus,CY
2000,,Cyprus,CY
1999,,Cyprus,CY
1998,,Cyprus,CY
1997,,Cyprus,CY
1996,,Cyprus,CY
1995,,Cyprus,CY
1994,,Cyprus,CY
1993,,Cyprus,CY
1992,51.25,Cyprus,CY
1991,,Cyprus,CY
1990,,Cyprus,CY
