ano,valor,pais,codigo_pais
2024,,Czechia,CZ
2023,,Czechia,CZ
2022,99.1881484985352,Czechia,CZ
2021,99.8459625244141,Czechia,CZ
2020,99.8262023925781,Czechia,CZ
2019,99.8099975585938,Czechia,CZ
2018,99.8092651367188,Czechia,CZ
2017,99.8300018310547,Czechia,CZ
2016,99.8000030517578,Czechia,CZ
2015,99.8099975585938,Czechia,CZ
2014,99.8199996948242,Czechia,CZ
2013,99.8000030517578,Czechia,CZ
2012,99.8199996948242,Czechia,CZ
2011,99.8199996948242,Czechia,CZ
2010,99.8199996948242,Czechia,CZ
2009,99.7900009155273,Czechia,CZ
2008,99.7900009155273,Czechia,CZ
2007,99.7900009155273,Czechia,CZ
2006,99.7799987792969,Czechia,CZ
2005,,Czechia,CZ
2004,,Czechia,CZ
2003,,Czechia,CZ
2002,,Czechia,CZ
2001,,Czechia,CZ
2000,,Czechia,CZ
1999,,Czechia,CZ
1998,,Czechia,CZ
1997,,Czechia,CZ
1996,,Czechia,CZ
1995,,Czechia,CZ
1994,,Czechia,CZ
1993,,Czechia,CZ
1992,,Czechia,CZ
1991,67.9100036621094,Czechia,CZ
1990,,Czechia,CZ
