ano,valor,pais,codigo_pais
2024,,Denmark,DK
2023,,Denmark,DK
2022,91.7307586669922,Denmark,DK
2021,91.3609771728516,Denmark,DK
2020,95.1500015258789,Denmark,DK
2019,89.7412643432617,Denmark,DK
2018,93.8099975585938,Denmark,DK
2017,88.4120330810547,Denmark,DK
2016,92.4499969482422,Denmark,DK
2015,92.0699996948242,Denmark,DK
2014,91.4899978637695,Denmark,DK
2013,99.5800018310547,Denmark,DK
2012,99.6399993896484,Denmark,DK
2011,96.879997253418,Denmark,DK
2010,96.379997253418,Denmark,DK
2009,96.9100036621094,Denmark,DK
2008,,Denmark,DK
2007,99.4000015258789,Denmark,DK
2006,,Denmark,DK
2005,,Denmark,DK
2004,,Denmark,DK
2003,99.7300033569336,Denmark,DK
2002,,Denmark,DK
2001,,Denmark,DK
2000,,Denmark,DK
1999,,Denmark,DK
1998,,Denmark,DK
1997,,Denmark,DK
1996,,Denmark,DK
1995,,Denmark,DK
1994,,Denmark,DK
1993,,Denmark,DK
1992,,Denmark,DK
1991,96.5699996948242,Denmark,DK
1990,,Denmark,DK
