ano,valor,pais,codigo_pais
2024,,Ecuador,EC
2023,,Ecuador,EC
2022,54.2299995422363,Ecuador,EC
2021,54.2299995422363,Ecuador,EC
2020,52.560001373291,Ecuador,EC
2019,51.8400001525879,Ecuador,EC
2018,50.9900016784668,Ecuador,EC
2017,52.8499984741211,Ecuador,EC
2016,51.9799995422363,Ecuador,EC
2015,52.2299995422363,Ecuador,EC
2014,48.9099998474121,Ecuador,EC
2013,47.9700012207031,Ecuador,EC
2012,46.8699989318848,Ecuador,EC
2011,45.3800010681152,Ecuador,EC
2010,44.7799987792969,Ecuador,EC
2009,43.1199989318848,Ecuador,EC
2008,43.1500015258789,Ecuador,EC
2007,43.1500015258789,Ecuador,EC
2006,42.8899993896484,Ecuador,EC
2005,42.5400009155273,Ecuador,EC
2004,,Ecuador,EC
2003,41.3699989318848,Ecuador,EC
2002,,Ecuador,EC
2001,41.5,Ecuador,EC
2000,,Ecuador,EC
1999,,Ecuador,EC
1998,,Ecuador,EC
1997,,Ecuador,EC
1996,,Ecuador,EC
1995,,Ecuador,EC
1994,,Ecuador,EC
1993,,Ecuador,EC
1992,,Ecuador,EC
1991,,Ecuador,EC
1990,35.9099998474121,Ecuador,EC
