ano,valor,pais,codigo_pais
2024,,Estonia,EE
2023,,Estonia,EE
2022,98.7051315307617,Estonia,EE
2021,98.935791015625,Estonia,EE
2020,97.8199996948242,Estonia,EE
2019,99.4117889404297,Estonia,EE
2018,99.2766036987305,Estonia,EE
2017,99.0863037109375,Estonia,EE
2016,99.1141815185547,Estonia,EE
2015,99.1063613891602,Estonia,EE
2014,99.165771484375,Estonia,EE
2013,98.9682846069336,Estonia,EE
2012,99.0234756469727,Estonia,EE
2011,98.8762130737305,Estonia,EE
2010,98.6293869018555,Estonia,EE
2009,,Estonia,EE
2008,,Estonia,EE
2007,,Estonia,EE
2006,,Estonia,EE
2005,,Estonia,EE
2004,,Estonia,EE
2003,,Estonia,EE
2002,,Estonia,EE
2001,,Estonia,EE
2000,89.3600006103516,Estonia,EE
1999,,Estonia,EE
1998,,Estonia,EE
1997,,Estonia,EE
1996,,Estonia,EE
1995,,Estonia,EE
1994,,Estonia,EE
1993,,Estonia,EE
1992,,Estonia,EE
1991,,Estonia,EE
1990,,Estonia,EE
