ano,valor,pais,codigo_pais
2024,,Fiji,FJ
2023,,Fiji,FJ
2022,,Fiji,FJ
2021,63.7159004211426,Fiji,FJ
2020,,Fiji,FJ
2019,,Fiji,FJ
2018,,Fiji,FJ
2017,87.3099975585938,Fiji,FJ
2016,86.7774047851562,Fiji,FJ
2015,,Fiji,FJ
2014,71.3531494140625,Fiji,FJ
2013,,Fiji,FJ
2012,,Fiji,FJ
2011,80.9361877441406,Fiji,FJ
2010,,Fiji,FJ
2009,,Fiji,FJ
2008,,Fiji,FJ
2007,60.2999992370605,Fiji,FJ
2006,,Fiji,FJ
2005,,Fiji,FJ
2004,,Fiji,FJ
2003,,Fiji,FJ
2002,,Fiji,FJ
2001,,Fiji,FJ
2000,,Fiji,FJ
1999,,Fiji,FJ
1998,,Fiji,FJ
1997,,Fiji,FJ
1996,45.1199989318848,Fiji,FJ
1995,,Fiji,FJ
1994,,Fiji,FJ
1993,,Fiji,FJ
1992,,Fiji,FJ
1991,,Fiji,FJ
1990,,Fiji,FJ
