ano,valor,pais,codigo_pais
2024,,Finland,FI
2023,,Finland,FI
2022,91.6022491455078,Finland,FI
2021,89.6587295532227,Finland,FI
2020,89.9367218017578,Finland,FI
2019,89.0068130493164,Finland,FI
2018,88.2122497558594,Finland,FI
2017,87.4921722412109,Finland,FI
2016,85.5215225219727,Finland,FI
2015,85.722541809082,Finland,FI
2014,85.2921295166016,Finland,FI
2013,84.6844329833984,Finland,FI
2012,83.5268402099609,Finland,FI
2011,82.8634262084961,Finland,FI
2010,81.6081619262695,Finland,FI
2009,,Finland,FI
2008,,Finland,FI
2007,,Finland,FI
2006,,Finland,FI
2005,,Finland,FI
2004,,Finland,FI
2003,,Finland,FI
2002,,Finland,FI
2001,,Finland,FI
2000,,Finland,FI
1999,,Finland,FI
1998,,Finland,FI
1997,,Finland,FI
1996,,Finland,FI
1995,,Finland,FI
1994,,Finland,FI
1993,,Finland,FI
1992,,Finland,FI
1991,,Finland,FI
1990,50.6300010681152,Finland,FI
