ano,valor,pais,codigo_pais
2024,,France,FR
2023,91.6159057617188,France,FR
2022,87.3584442138672,France,FR
2021,90.7181930541992,France,FR
2020,86.4647598266602,France,FR
2019,85.5999984741211,France,FR
2018,84.9328994750977,France,FR
2017,84.2099990844727,France,FR
2016,83.6900024414062,France,FR
2015,83.1999969482422,France,FR
2014,82.629997253418,France,FR
2013,81.5,France,FR
2012,80.4899978637695,France,FR
2011,79.8099975585938,France,FR
2010,79.2200012207031,France,FR
2009,77.9700012207031,France,FR
2008,77.9400024414062,France,FR
2007,76.9300003051758,France,FR
2006,,France,FR
2005,74.6999969482422,France,FR
2004,74.1399993896484,France,FR
2003,,France,FR
2002,,France,FR
2001,,France,FR
2000,,France,FR
1999,,France,FR
1998,,France,FR
1997,,France,FR
1996,,France,FR
1995,,France,FR
1994,,France,FR
1993,,France,FR
1992,,France,FR
1991,,France,FR
1990,48.3499984741211,France,FR
