ano,valor,pais,codigo_pais
2024,,Germany,DE
2023,,Germany,DE
2022,93.9591369628906,Germany,DE
2021,93.5383453369141,Germany,DE
2020,95.6800003051758,Germany,DE
2019,95.4680480957031,Germany,DE
2018,96.3300018310547,Germany,DE
2017,95.5594787597656,Germany,DE
2016,96.5100021362305,Germany,DE
2015,96.7200012207031,Germany,DE
2014,96.8000030517578,Germany,DE
2013,96.6699981689453,Germany,DE
2012,96.7300033569336,Germany,DE
2011,96.7099990844727,Germany,DE
2010,96.5199966430664,Germany,DE
2009,96.7099990844727,Germany,DE
2008,96.7399978637695,Germany,DE
2007,97.0899963378906,Germany,DE
2006,96.9300003051758,Germany,DE
2005,96.9000015258789,Germany,DE
2004,97.75,Germany,DE
2003,,Germany,DE
2002,,Germany,DE
2001,,Germany,DE
2000,,Germany,DE
1999,,Germany,DE
1998,,Germany,DE
1997,,Germany,DE
1996,,Germany,DE
1995,,Germany,DE
1994,,Germany,DE
1993,,Germany,DE
1992,,Germany,DE
1991,,Germany,DE
1990,,Germany,DE
