ano,valor,pais,codigo_pais
2024,,Switzerland,CH
2023,98.1784896850586,Switzerland,CH
2022,98.0753860473633,Switzerland,CH
2021,97.9603500366211,Switzerland,CH
2020,97.2358551025391,Switzerland,CH
2019,97.1900024414062,Switzerland,CH
2018,97.0899963378906,Switzerland,CH
2017,96.9631195068359,Switzerland,CH
2016,96.8899993896484,Switzerland,CH
2015,97.0899963378906,Switzerland,CH
2014,97.0199966430664,Switzerland,CH
2013,96.3662109375,Switzerland,CH
2012,96.2799987792969,Switzerland,CH
2011,96.0500030517578,Switzerland,CH
2010,95.9700012207031,Switzerland,CH
2009,95.9199981689453,Switzerland,CH
2008,,Switzerland,CH
2007,,Switzerland,CH
2006,,Switzerland,CH
2005,,Switzerland,CH
2004,,Switzerland,CH
2003,,Switzerland,CH
2002,,Switzerland,CH
2001,,Switzerland,CH
2000,,Switzerland,CH
1999,,Switzerland,CH
1998,,Switzerland,CH
1997,,Switzerland,CH
1996,,Switzerland,CH
1995,,Switzerland,CH
1994,,Switzerland,CH
1993,,Switzerland,CH
1992,,Switzerland,CH
1991,,Switzerland,CH
1990,,Switzerland,CH
