ano,valor,pais,codigo_pais
2024,,Albania,AL
2023,,Albania,AL
2022,16.1791229248047,Albania,AL
2021,15.0756807327271,Albania,AL
2020,,Albania,AL
2019,14.6913003921509,Albania,AL
2018,13.6559572219849,Albania,AL
2017,13.3784856796265,Albania,AL
2016,12.4316911697388,Albania,AL
2015,12.9915361404419,Albania,AL
2014,11.0894594192505,Albania,AL
2013,11.3742208480835,Albania,AL
2012,12.3299999237061,Albania,AL
2011,10.539999961853,Albania,AL
2010,,Albania,AL
2009,,Albania,AL
2008,,Albania,AL
2007,,Albania,AL
2006,,Albania,AL
2005,,Albania,AL
2004,,Albania,AL
2003,,Albania,AL
2002,,Albania,AL
2001,,Albania,AL
2000,,Albania,AL
1999,,Albania,AL
1998,,Albania,AL
1997,,Albania,AL
1996,,Albania,AL
1995,,Albania,AL
1994,,Albania,AL
1993,,Albania,AL
1992,,Albania,AL
1991,,Albania,AL
1990,,Albania,AL
