ano,valor,pais,codigo_pais
2024,,Algeria,DZ
2023,,Algeria,DZ
2022,,Algeria,DZ
2021,,Algeria,DZ
2020,,Algeria,DZ
2019,,Algeria,DZ
2018,,Algeria,DZ
2017,,Algeria,DZ
2016,,Algeria,DZ
2015,,Algeria,DZ
2014,,Algeria,DZ
2013,,Algeria,DZ
2012,,Algeria,DZ
2011,1.27999997138977,Algeria,DZ
2010,,Algeria,DZ
2009,,Algeria,DZ
2008,,Algeria,DZ
2007,,Algeria,DZ
2006,,Algeria,DZ
2005,,Algeria,DZ
2004,,Algeria,DZ
2003,,Algeria,DZ
2002,,Algeria,DZ
2001,,Algeria,DZ
2000,,Algeria,DZ
1999,,Algeria,DZ
1998,,Algeria,DZ
1997,,Algeria,DZ
1996,,Algeria,DZ
1995,,Algeria,DZ
1994,,Algeria,DZ
1993,,Algeria,DZ
1992,,Algeria,DZ
1991,,Algeria,DZ
1990,,Algeria,DZ
