ano,valor,pais,codigo_pais
2024,,Angola,AO
2023,,Angola,AO
2022,,Angola,AO
2021,0.0,Angola,AO
2020,,Angola,AO
2019,0.0206711161881685,Angola,AO
2018,,Angola,AO
2017,,Angola,AO
2016,,Angola,AO
2015,,Angola,AO
2014,0.257417798042297,Angola,AO
2013,,Angola,AO
2012,,Angola,AO
2011,0.578821539878845,Angola,AO
2010,,Angola,AO
2009,,Angola,AO
2008,,Angola,AO
2007,,Angola,AO
2006,,Angola,AO
2005,,Angola,AO
2004,,Angola,AO
2003,,Angola,AO
2002,,Angola,AO
2001,,Angola,AO
2000,,Angola,AO
1999,,Angola,AO
1998,,Angola,AO
1997,,Angola,AO
1996,,Angola,AO
1995,,Angola,AO
1994,,Angola,AO
1993,,Angola,AO
1992,,Angola,AO
1991,,Angola,AO
1990,,Angola,AO
