ano,valor,pais,codigo_pais
2024,,Armenia,AM
2023,,Armenia,AM
2022,20.9236755371094,Armenia,AM
2021,21.0153274536133,Armenia,AM
2020,20.274923324585,Armenia,AM
2019,19.4535140991211,Armenia,AM
2018,15.0440282821655,Armenia,AM
2017,,Armenia,AM
2016,,Armenia,AM
2015,,Armenia,AM
2014,,Armenia,AM
2013,0.550461530685425,Armenia,AM
2012,0.215760797262192,Armenia,AM
2011,0.355487644672394,Armenia,AM
2010,0.561573445796967,Armenia,AM
2009,,Armenia,AM
2008,,Armenia,AM
2007,,Armenia,AM
2006,,Armenia,AM
2005,,Armenia,AM
2004,,Armenia,AM
2003,,Armenia,AM
2002,,Armenia,AM
2001,,Armenia,AM
2000,,Armenia,AM
1999,,Armenia,AM
1998,,Armenia,AM
1997,,Armenia,AM
1996,,Armenia,AM
1995,,Armenia,AM
1994,,Armenia,AM
1993,,Armenia,AM
1992,,Armenia,AM
1991,,Armenia,AM
1990,,Armenia,AM
