ano,valor,pais,codigo_pais
2024,,Aruba,AW
2023,,Aruba,AW
2022,,Aruba,AW
2021,,Aruba,AW
2020,,Aruba,AW
2019,,Aruba,AW
2018,,Aruba,AW
2017,,Aruba,AW
2016,,Aruba,AW
2015,,Aruba,AW
2014,,Aruba,AW
2013,,Aruba,AW
2012,,Aruba,AW
2011,,Aruba,AW
2010,,Aruba,AW
2009,,Aruba,AW
2008,,Aruba,AW
2007,,Aruba,AW
2006,,Aruba,AW
2005,,Aruba,AW
2004,,Aruba,AW
2003,,Aruba,AW
2002,,Aruba,AW
2001,,Aruba,AW
2000,,Aruba,AW
1999,,Aruba,AW
1998,,Aruba,AW
1997,,Aruba,AW
1996,,Aruba,AW
1995,,Aruba,AW
1994,,Aruba,AW
1993,,Aruba,AW
1992,,Aruba,AW
1991,,Aruba,AW
1990,,Aruba,AW
