ano,valor,pais,codigo_pais
2024,,Austria,AT
2023,,Austria,AT
2022,,Austria,AT
2021,12.767032623291,Austria,AT
2020,12.4190473556519,Austria,AT
2019,12.0699996948242,Austria,AT
2018,11.8494882583618,Austria,AT
2017,11.3999996185303,Austria,AT
2016,10.9899997711182,Austria,AT
2015,10.8599996566772,Austria,AT
2014,10.4399995803833,Austria,AT
2013,,Austria,AT
2012,,Austria,AT
2011,,Austria,AT
2010,,Austria,AT
2009,,Austria,AT
2008,,Austria,AT
2007,,Austria,AT
2006,,Austria,AT
2005,,Austria,AT
2004,,Austria,AT
2003,,Austria,AT
2002,,Austria,AT
2001,,Austria,AT
2000,,Austria,AT
1999,,Austria,AT
1998,,Austria,AT
1997,,Austria,AT
1996,,Austria,AT
1995,,Austria,AT
1994,,Austria,AT
1993,,Austria,AT
1992,,Austria,AT
1991,,Austria,AT
1990,,Austria,AT
