ano,valor,pais,codigo_pais
2024,,Australia,AU
2023,9.58409404754639,Australia,AU
2022,9.89000034332275,Australia,AU
2021,9.64999961853027,Australia,AU
2020,9.39999961853027,Australia,AU
2019,8.36999988555908,Australia,AU
2018,7.80999994277954,Australia,AU
2017,7.36999988555908,Australia,AU
2016,6.73000001907349,Australia,AU
2015,7.01999998092651,Australia,AU
2014,6.3600001335144,Australia,AU
2013,5.76000022888184,Australia,AU
2012,,Australia,AU
2011,,Australia,AU
2010,,Australia,AU
2009,,Australia,AU
2008,,Australia,AU
2007,,Australia,AU
2006,,Australia,AU
2005,,Australia,AU
2004,,Australia,AU
2003,,Australia,AU
2002,,Australia,AU
2001,,Australia,AU
2000,,Australia,AU
1999,,Australia,AU
1998,,Australia,AU
1997,,Australia,AU
1996,,Australia,AU
1995,,Australia,AU
1994,,Australia,AU
1993,,Australia,AU
1992,,Australia,AU
1991,,Australia,AU
1990,,Australia,AU
