ano,valor,pais,codigo_pais
2024,,Azerbaijan,AZ
2023,10.3000001907349,Azerbaijan,AZ
2022,9.42765140533447,Azerbaijan,AZ
2021,16.2499160766602,Azerbaijan,AZ
2020,,Azerbaijan,AZ
2019,15.7220325469971,Azerbaijan,AZ
2018,15.7300710678101,Azerbaijan,AZ
2017,15.717022895813,Azerbaijan,AZ
2016,15.7418975830078,Azerbaijan,AZ
2015,15.6877899169922,Azerbaijan,AZ
2014,,Azerbaijan,AZ
2013,,Azerbaijan,AZ
2012,,Azerbaijan,AZ
2011,,Azerbaijan,AZ
2010,,Azerbaijan,AZ
2009,,Azerbaijan,AZ
2008,,Azerbaijan,AZ
2007,,Azerbaijan,AZ
2006,,Azerbaijan,AZ
2005,,Azerbaijan,AZ
2004,,Azerbaijan,AZ
2003,,Azerbaijan,AZ
2002,,Azerbaijan,AZ
2001,,Azerbaijan,AZ
2000,,Azerbaijan,AZ
1999,,Azerbaijan,AZ
1998,,Azerbaijan,AZ
1997,,Azerbaijan,AZ
1996,,Azerbaijan,AZ
1995,,Azerbaijan,AZ
1994,,Azerbaijan,AZ
1993,,Azerbaijan,AZ
1992,,Azerbaijan,AZ
1991,,Azerbaijan,AZ
1990,,Azerbaijan,AZ
