ano,valor,pais,codigo_pais
2024,,Bangladesh,BD
2023,,Bangladesh,BD
2022,3.68960881233215,Bangladesh,BD
2021,3.36999988555908,Bangladesh,BD
2020,,Bangladesh,BD
2019,4.26000022888184,Bangladesh,BD
2018,4.01999998092651,Bangladesh,BD
2017,3.78999996185303,Bangladesh,BD
2016,3.48000001907349,Bangladesh,BD
2015,3.32999992370605,Bangladesh,BD
2014,2.05999994277954,Bangladesh,BD
2013,1.97000002861023,Bangladesh,BD
2012,1.73000001907349,Bangladesh,BD
2011,1.67999994754791,Bangladesh,BD
2010,,Bangladesh,BD
2009,,Bangladesh,BD
2008,,Bangladesh,BD
2007,,Bangladesh,BD
2006,,Bangladesh,BD
2005,,Bangladesh,BD
2004,,Bangladesh,BD
2003,,Bangladesh,BD
2002,,Bangladesh,BD
2001,,Bangladesh,BD
2000,,Bangladesh,BD
1999,,Bangladesh,BD
1998,,Bangladesh,BD
1997,,Bangladesh,BD
1996,,Bangladesh,BD
1995,,Bangladesh,BD
1994,,Bangladesh,BD
1993,,Bangladesh,BD
1992,,Bangladesh,BD
1991,,Bangladesh,BD
1990,,Bangladesh,BD
