ano,valor,pais,codigo_pais
2024,,Belgium,BE
2023,,Belgium,BE
2022,17.2836208343506,Belgium,BE
2021,17.1400527954102,Belgium,BE
2020,16.2467975616455,Belgium,BE
2019,15.6199998855591,Belgium,BE
2018,15.2636289596558,Belgium,BE
2017,14.9200000762939,Belgium,BE
2016,13.6599998474121,Belgium,BE
2015,13.539999961853,Belgium,BE
2014,13.4899997711182,Belgium,BE
2013,12.3800001144409,Belgium,BE
2012,0.0,Belgium,BE
2011,0.0,Belgium,BE
2010,0.0,Belgium,BE
2009,,Belgium,BE
2008,,Belgium,BE
2007,,Belgium,BE
2006,,Belgium,BE
2005,,Belgium,BE
2004,,Belgium,BE
2003,,Belgium,BE
2002,,Belgium,BE
2001,,Belgium,BE
2000,,Belgium,BE
1999,,Belgium,BE
1998,,Belgium,BE
1997,,Belgium,BE
1996,,Belgium,BE
1995,,Belgium,BE
1994,,Belgium,BE
1993,,Belgium,BE
1992,,Belgium,BE
1991,,Belgium,BE
1990,,Belgium,BE
