ano,valor,pais,codigo_pais
2024,,Belize,BZ
2023,,Belize,BZ
2022,,Belize,BZ
2021,,Belize,BZ
2020,1.86000001430511,Belize,BZ
2019,1.8197295665741,Belize,BZ
2018,,Belize,BZ
2017,,Belize,BZ
2016,,Belize,BZ
2015,,Belize,BZ
2014,,Belize,BZ
2013,,Belize,BZ
2012,,Belize,BZ
2011,,Belize,BZ
2010,,Belize,BZ
2009,,Belize,BZ
2008,,Belize,BZ
2007,,Belize,BZ
2006,,Belize,BZ
2005,,Belize,BZ
2004,,Belize,BZ
2003,,Belize,BZ
2002,,Belize,BZ
2001,,Belize,BZ
2000,,Belize,BZ
1999,,Belize,BZ
1998,,Belize,BZ
1997,,Belize,BZ
1996,,Belize,BZ
1995,,Belize,BZ
1994,,Belize,BZ
1993,,Belize,BZ
1992,,Belize,BZ
1991,,Belize,BZ
1990,,Belize,BZ
