ano,valor,pais,codigo_pais
2024,,Bhutan,BT
2023,,Bhutan,BT
2022,,Bhutan,BT
2021,,Bhutan,BT
2020,,Bhutan,BT
2019,,Bhutan,BT
2018,,Bhutan,BT
2017,2.15000009536743,Bhutan,BT
2016,,Bhutan,BT
2015,,Bhutan,BT
2014,,Bhutan,BT
2013,,Bhutan,BT
2012,0.75,Bhutan,BT
2011,,Bhutan,BT
2010,,Bhutan,BT
2009,,Bhutan,BT
2008,,Bhutan,BT
2007,,Bhutan,BT
2006,,Bhutan,BT
2005,,Bhutan,BT
2004,,Bhutan,BT
2003,,Bhutan,BT
2002,,Bhutan,BT
2001,,Bhutan,BT
2000,,Bhutan,BT
1999,,Bhutan,BT
1998,,Bhutan,BT
1997,,Bhutan,BT
1996,,Bhutan,BT
1995,,Bhutan,BT
1994,,Bhutan,BT
1993,,Bhutan,BT
1992,,Bhutan,BT
1991,,Bhutan,BT
1990,,Bhutan,BT
