ano,valor,pais,codigo_pais
2024,,Bolivia,BO
2023,1.60064458847046,Bolivia,BO
2022,1.43368327617645,Bolivia,BO
2021,1.5667462348938,Bolivia,BO
2020,0.970000028610229,Bolivia,BO
2019,1.3400000333786,Bolivia,BO
2018,0.854715764522552,Bolivia,BO
2017,0.832669317722321,Bolivia,BO
2016,0.756811738014221,Bolivia,BO
2015,1.04999995231628,Bolivia,BO
2014,0.943867444992065,Bolivia,BO
2013,1.1558610200882,Bolivia,BO
2012,1.78999996185303,Bolivia,BO
2011,1.01070535182953,Bolivia,BO
2010,,Bolivia,BO
2009,,Bolivia,BO
2008,,Bolivia,BO
2007,,Bolivia,BO
2006,,Bolivia,BO
2005,,Bolivia,BO
2004,,Bolivia,BO
2003,,Bolivia,BO
2002,,Bolivia,BO
2001,,Bolivia,BO
2000,,Bolivia,BO
1999,,Bolivia,BO
1998,,Bolivia,BO
1997,,Bolivia,BO
1996,,Bolivia,BO
1995,,Bolivia,BO
1994,,Bolivia,BO
1993,,Bolivia,BO
1992,,Bolivia,BO
1991,,Bolivia,BO
1990,,Bolivia,BO
