ano,valor,pais,codigo_pais
2024,,Bulgaria,BG
2023,,Bulgaria,BG
2022,18.4248657226562,Bulgaria,BG
2021,18.5600147247314,Bulgaria,BG
2020,18.8079471588135,Bulgaria,BG
2019,18.1594409942627,Bulgaria,BG
2018,18.0976009368896,Bulgaria,BG
2017,17.8417663574219,Bulgaria,BG
2016,17.484691619873,Bulgaria,BG
2015,17.3585071563721,Bulgaria,BG
2014,16.5687789916992,Bulgaria,BG
2013,0.0,Bulgaria,BG
2012,0.0,Bulgaria,BG
2011,0.0,Bulgaria,BG
2010,0.0,Bulgaria,BG
2009,,Bulgaria,BG
2008,,Bulgaria,BG
2007,,Bulgaria,BG
2006,,Bulgaria,BG
2005,,Bulgaria,BG
2004,,Bulgaria,BG
2003,,Bulgaria,BG
2002,,Bulgaria,BG
2001,,Bulgaria,BG
2000,,Bulgaria,BG
1999,,Bulgaria,BG
1998,,Bulgaria,BG
1997,,Bulgaria,BG
1996,,Bulgaria,BG
1995,,Bulgaria,BG
1994,,Bulgaria,BG
1993,,Bulgaria,BG
1992,,Bulgaria,BG
1991,,Bulgaria,BG
1990,,Bulgaria,BG
