ano,valor,pais,codigo_pais
2024,,Burundi,BI
2023,,Burundi,BI
2022,,Burundi,BI
2021,,Burundi,BI
2020,,Burundi,BI
2019,,Burundi,BI
2018,,Burundi,BI
2017,,Burundi,BI
2016,,Burundi,BI
2015,,Burundi,BI
2014,0.159999996423721,Burundi,BI
2013,,Burundi,BI
2012,,Burundi,BI
2011,,Burundi,BI
2010,,Burundi,BI
2009,,Burundi,BI
2008,,Burundi,BI
2007,,Burundi,BI
2006,,Burundi,BI
2005,,Burundi,BI
2004,,Burundi,BI
2003,,Burundi,BI
2002,,Burundi,BI
2001,,Burundi,BI
2000,,Burundi,BI
1999,,Burundi,BI
1998,,Burundi,BI
1997,,Burundi,BI
1996,,Burundi,BI
1995,,Burundi,BI
1994,,Burundi,BI
1993,,Burundi,BI
1992,,Burundi,BI
1991,,Burundi,BI
1990,,Burundi,BI
