ano,valor,pais,codigo_pais
2024,,Cabo Verde,CV
2023,,Cabo Verde,CV
2022,,Cabo Verde,CV
2021,,Cabo Verde,CV
2020,,Cabo Verde,CV
2019,,Cabo Verde,CV
2018,,Cabo Verde,CV
2017,,Cabo Verde,CV
2016,,Cabo Verde,CV
2015,1.44000005722046,Cabo Verde,CV
2014,,Cabo Verde,CV
2013,,Cabo Verde,CV
2012,,Cabo Verde,CV
2011,,Cabo Verde,CV
2010,,Cabo Verde,CV
2009,,Cabo Verde,CV
2008,,Cabo Verde,CV
2007,,Cabo Verde,CV
2006,,Cabo Verde,CV
2005,,Cabo Verde,CV
2004,,Cabo Verde,CV
2003,,Cabo Verde,CV
2002,,Cabo Verde,CV
2001,,Cabo Verde,CV
2000,,Cabo Verde,CV
1999,,Cabo Verde,CV
1998,,Cabo Verde,CV
1997,,Cabo Verde,CV
1996,,Cabo Verde,CV
1995,,Cabo Verde,CV
1994,,Cabo Verde,CV
1993,,Cabo Verde,CV
1992,,Cabo Verde,CV
1991,,Cabo Verde,CV
1990,,Cabo Verde,CV
