ano,valor,pais,codigo_pais
2024,,Cameroon,CM
2023,,Cameroon,CM
2022,,Cameroon,CM
2021,,Cameroon,CM
2020,,Cameroon,CM
2019,,Cameroon,CM
2018,,Cameroon,CM
2017,,Cameroon,CM
2016,,Cameroon,CM
2015,,Cameroon,CM
2014,2.49552035331726,Cameroon,CM
2013,,Cameroon,CM
2012,,Cameroon,CM
2011,,Cameroon,CM
2010,,Cameroon,CM
2009,,Cameroon,CM
2008,,Cameroon,CM
2007,,Cameroon,CM
2006,,Cameroon,CM
2005,,Cameroon,CM
2004,,Cameroon,CM
2003,,Cameroon,CM
2002,,Cameroon,CM
2001,,Cameroon,CM
2000,,Cameroon,CM
1999,,Cameroon,CM
1998,,Cameroon,CM
1997,,Cameroon,CM
1996,,Cameroon,CM
1995,,Cameroon,CM
1994,,Cameroon,CM
1993,,Cameroon,CM
1992,,Cameroon,CM
1991,,Cameroon,CM
1990,,Cameroon,CM
