ano,valor,pais,codigo_pais
2024,,Canada,CA
2023,11.2232904434204,Canada,CA
2022,10.9365139007568,Canada,CA
2021,8.44999980926514,Canada,CA
2020,10.2177667617798,Canada,CA
2019,9.85100078582764,Canada,CA
2018,9.35442161560059,Canada,CA
2017,9.15787887573242,Canada,CA
2016,7.09999990463257,Canada,CA
2015,8.61690044403076,Canada,CA
2014,8.35123920440674,Canada,CA
2013,8.35409832000732,Canada,CA
2012,8.16673851013184,Canada,CA
2011,7.80185794830322,Canada,CA
2010,7.55754518508911,Canada,CA
2009,,Canada,CA
2008,,Canada,CA
2007,,Canada,CA
2006,,Canada,CA
2005,,Canada,CA
2004,,Canada,CA
2003,,Canada,CA
2002,,Canada,CA
2001,,Canada,CA
2000,,Canada,CA
1999,,Canada,CA
1998,,Canada,CA
1997,,Canada,CA
1996,,Canada,CA
1995,,Canada,CA
1994,,Canada,CA
1993,,Canada,CA
1992,,Canada,CA
1991,,Canada,CA
1990,,Canada,CA
