ano,valor,pais,codigo_pais
2024,,Chile,CL
2023,3.10192012786865,Chile,CL
2022,2.99350214004517,Chile,CL
2021,2.8794994354248,Chile,CL
2020,2.65506529808044,Chile,CL
2019,1.78716349601746,Chile,CL
2018,1.87179720401764,Chile,CL
2017,1.50999999046326,Chile,CL
2016,1.37763917446136,Chile,CL
2015,1.1599999666214,Chile,CL
2014,1.46474707126617,Chile,CL
2013,0.610000014305115,Chile,CL
2012,1.19001615047455,Chile,CL
2011,0.490000009536743,Chile,CL
2010,0.813255131244659,Chile,CL
2009,,Chile,CL
2008,,Chile,CL
2007,,Chile,CL
2006,,Chile,CL
2005,,Chile,CL
2004,,Chile,CL
2003,,Chile,CL
2002,,Chile,CL
2001,,Chile,CL
2000,,Chile,CL
1999,,Chile,CL
1998,,Chile,CL
1997,,Chile,CL
1996,,Chile,CL
1995,,Chile,CL
1994,,Chile,CL
1993,,Chile,CL
1992,,Chile,CL
1991,,Chile,CL
1990,,Chile,CL
