ano,valor,pais,codigo_pais
2024,,China,CN
2023,,China,CN
2022,,China,CN
2021,,China,CN
2020,0.910000026226044,China,CN
2019,,China,CN
2018,,China,CN
2017,,China,CN
2016,,China,CN
2015,,China,CN
2014,,China,CN
2013,,China,CN
2012,,China,CN
2011,,China,CN
2010,0.379999995231628,China,CN
2009,,China,CN
2008,,China,CN
2007,,China,CN
2006,,China,CN
2005,,China,CN
2004,,China,CN
2003,,China,CN
2002,,China,CN
2001,,China,CN
2000,,China,CN
1999,,China,CN
1998,,China,CN
1997,,China,CN
1996,,China,CN
1995,,China,CN
1994,,China,CN
1993,,China,CN
1992,,China,CN
1991,,China,CN
1990,,China,CN
