ano,valor,pais,codigo_pais
2024,,Colombia,CO
2023,4.56094074249268,Colombia,CO
2022,4.19340419769287,Colombia,CO
2021,,Colombia,CO
2020,3.86999988555908,Colombia,CO
2019,3.72000002861023,Colombia,CO
2018,3.5699999332428,Colombia,CO
2017,,Colombia,CO
2016,3.3199999332428,Colombia,CO
2015,3.16000008583069,Colombia,CO
2014,3.27999997138977,Colombia,CO
2013,3.09999990463257,Colombia,CO
2012,2.79999995231628,Colombia,CO
2011,2.76999998092651,Colombia,CO
2010,2.5699999332428,Colombia,CO
2009,2.33999991416931,Colombia,CO
2008,2.36999988555908,Colombia,CO
2007,2.50999999046326,Colombia,CO
2006,,Colombia,CO
2005,,Colombia,CO
2004,,Colombia,CO
2003,,Colombia,CO
2002,,Colombia,CO
2001,,Colombia,CO
2000,,Colombia,CO
1999,,Colombia,CO
1998,,Colombia,CO
1997,,Colombia,CO
1996,,Colombia,CO
1995,,Colombia,CO
1994,,Colombia,CO
1993,,Colombia,CO
1992,,Colombia,CO
1991,,Colombia,CO
1990,,Colombia,CO
