ano,valor,pais,codigo_pais
2024,,Comoros,KM
2023,,Comoros,KM
2022,,Comoros,KM
2021,1.94764637947083,Comoros,KM
2020,,Comoros,KM
2019,,Comoros,KM
2018,,Comoros,KM
2017,,Comoros,KM
2016,,Comoros,KM
2015,,Comoros,KM
2014,2.27599906921387,Comoros,KM
2013,,Comoros,KM
2012,,Comoros,KM
2011,,Comoros,KM
2010,,Comoros,KM
2009,,Comoros,KM
2008,,Comoros,KM
2007,,Comoros,KM
2006,,Comoros,KM
2005,,Comoros,KM
2004,,Comoros,KM
2003,,Comoros,KM
2002,,Comoros,KM
2001,,Comoros,KM
2000,,Comoros,KM
1999,,Comoros,KM
1998,,Comoros,KM
1997,,Comoros,KM
1996,,Comoros,KM
1995,,Comoros,KM
1994,,Comoros,KM
1993,,Comoros,KM
1992,,Comoros,KM
1991,,Comoros,KM
1990,,Comoros,KM
