ano,valor,pais,codigo_pais
2024,,"Congo, Dem. Rep.",CD
2023,,"Congo, Dem. Rep.",CD
2022,,"Congo, Dem. Rep.",CD
2021,,"Congo, Dem. Rep.",CD
2020,,"Congo, Dem. Rep.",CD
2019,,"Congo, Dem. Rep.",CD
2018,,"Congo, Dem. Rep.",CD
2017,,"Congo, Dem. Rep.",CD
2016,0.129999995231628,"Congo, Dem. Rep.",CD
2015,,"Congo, Dem. Rep.",CD
2014,,"Congo, Dem. Rep.",CD
2013,,"Congo, Dem. Rep.",CD
2012,0.206669062376022,"Congo, Dem. Rep.",CD
2011,,"Congo, Dem. Rep.",CD
2010,,"Congo, Dem. Rep.",CD
2009,,"Congo, Dem. Rep.",CD
2008,,"Congo, Dem. Rep.",CD
2007,,"Congo, Dem. Rep.",CD
2006,,"Congo, Dem. Rep.",CD
2005,,"Congo, Dem. Rep.",CD
2004,,"Congo, Dem. Rep.",CD
2003,,"Congo, Dem. Rep.",CD
2002,,"Congo, Dem. Rep.",CD
2001,,"Congo, Dem. Rep.",CD
2000,,"Congo, Dem. Rep.",CD
1999,,"Congo, Dem. Rep.",CD
1998,,"Congo, Dem. Rep.",CD
1997,,"Congo, Dem. Rep.",CD
1996,,"Congo, Dem. Rep.",CD
1995,,"Congo, Dem. Rep.",CD
1994,,"Congo, Dem. Rep.",CD
1993,,"Congo, Dem. Rep.",CD
1992,,"Congo, Dem. Rep.",CD
1991,,"Congo, Dem. Rep.",CD
1990,,"Congo, Dem. Rep.",CD
