ano,valor,pais,codigo_pais
2024,,"Congo, Rep.",CG
2023,,"Congo, Rep.",CG
2022,,"Congo, Rep.",CG
2021,,"Congo, Rep.",CG
2020,,"Congo, Rep.",CG
2019,,"Congo, Rep.",CG
2018,,"Congo, Rep.",CG
2017,,"Congo, Rep.",CG
2016,,"Congo, Rep.",CG
2015,,"Congo, Rep.",CG
2014,,"Congo, Rep.",CG
2013,,"Congo, Rep.",CG
2012,,"Congo, Rep.",CG
2011,,"Congo, Rep.",CG
2010,,"Congo, Rep.",CG
2009,,"Congo, Rep.",CG
2008,,"Congo, Rep.",CG
2007,,"Congo, Rep.",CG
2006,,"Congo, Rep.",CG
2005,,"Congo, Rep.",CG
2004,,"Congo, Rep.",CG
2003,,"Congo, Rep.",CG
2002,,"Congo, Rep.",CG
2001,,"Congo, Rep.",CG
2000,,"Congo, Rep.",CG
1999,,"Congo, Rep.",CG
1998,,"Congo, Rep.",CG
1997,,"Congo, Rep.",CG
1996,,"Congo, Rep.",CG
1995,,"Congo, Rep.",CG
1994,,"Congo, Rep.",CG
1993,,"Congo, Rep.",CG
1992,,"Congo, Rep.",CG
1991,,"Congo, Rep.",CG
1990,,"Congo, Rep.",CG
