ano,valor,pais,codigo_pais
2024,,Cyprus,CY
2023,,Cyprus,CY
2022,15.1279945373535,Cyprus,CY
2021,14.0482597351074,Cyprus,CY
2020,13.4300003051758,Cyprus,CY
2019,12.7003479003906,Cyprus,CY
2018,12.210000038147,Cyprus,CY
2017,10.9449033737183,Cyprus,CY
2016,10.6300001144409,Cyprus,CY
2015,10.3299999237061,Cyprus,CY
2014,9.5,Cyprus,CY
2013,,Cyprus,CY
2012,,Cyprus,CY
2011,,Cyprus,CY
2010,,Cyprus,CY
2009,,Cyprus,CY
2008,,Cyprus,CY
2007,,Cyprus,CY
2006,,Cyprus,CY
2005,,Cyprus,CY
2004,,Cyprus,CY
2003,,Cyprus,CY
2002,,Cyprus,CY
2001,,Cyprus,CY
2000,,Cyprus,CY
1999,,Cyprus,CY
1998,,Cyprus,CY
1997,,Cyprus,CY
1996,,Cyprus,CY
1995,,Cyprus,CY
1994,,Cyprus,CY
1993,,Cyprus,CY
1992,,Cyprus,CY
1991,,Cyprus,CY
1990,,Cyprus,CY
