ano,valor,pais,codigo_pais
2024,,Czechia,CZ
2023,,Czechia,CZ
2022,17.4915103912354,Czechia,CZ
2021,17.7132244110107,Czechia,CZ
2020,16.3814144134521,Czechia,CZ
2019,16.0,Czechia,CZ
2018,16.2438163757324,Czechia,CZ
2017,16.1800003051758,Czechia,CZ
2016,15.8100004196167,Czechia,CZ
2015,15.039999961853,Czechia,CZ
2014,14.75,Czechia,CZ
2013,2.97165727615356,Czechia,CZ
2012,2.76940250396729,Czechia,CZ
2011,2.44837641716003,Czechia,CZ
2010,1.79186236858368,Czechia,CZ
2009,,Czechia,CZ
2008,,Czechia,CZ
2007,,Czechia,CZ
2006,,Czechia,CZ
2005,,Czechia,CZ
2004,,Czechia,CZ
2003,,Czechia,CZ
2002,,Czechia,CZ
2001,,Czechia,CZ
2000,,Czechia,CZ
1999,,Czechia,CZ
1998,,Czechia,CZ
1997,,Czechia,CZ
1996,,Czechia,CZ
1995,,Czechia,CZ
1994,,Czechia,CZ
1993,,Czechia,CZ
1992,,Czechia,CZ
1991,,Czechia,CZ
1990,,Czechia,CZ
