ano,valor,pais,codigo_pais
2024,,Denmark,DK
2023,,Denmark,DK
2022,13.2822113037109,Denmark,DK
2021,13.1783199310303,Denmark,DK
2020,13.4799995422363,Denmark,DK
2019,12.3840713500977,Denmark,DK
2018,12.7299995422363,Denmark,DK
2017,11.014196395874,Denmark,DK
2016,11.5,Denmark,DK
2015,10.9399995803833,Denmark,DK
2014,10.1000003814697,Denmark,DK
2013,0.0,Denmark,DK
2012,0.0,Denmark,DK
2011,0.0,Denmark,DK
2010,0.0,Denmark,DK
2009,,Denmark,DK
2008,,Denmark,DK
2007,,Denmark,DK
2006,,Denmark,DK
2005,,Denmark,DK
2004,,Denmark,DK
2003,,Denmark,DK
2002,,Denmark,DK
2001,,Denmark,DK
2000,,Denmark,DK
1999,,Denmark,DK
1998,,Denmark,DK
1997,,Denmark,DK
1996,,Denmark,DK
1995,,Denmark,DK
1994,,Denmark,DK
1993,,Denmark,DK
1992,,Denmark,DK
1991,,Denmark,DK
1990,,Denmark,DK
