ano,valor,pais,codigo_pais
2024,,Djibouti,DJ
2023,,Djibouti,DJ
2022,,Djibouti,DJ
2021,,Djibouti,DJ
2020,,Djibouti,DJ
2019,,Djibouti,DJ
2018,,Djibouti,DJ
2017,0.0,Djibouti,DJ
2016,,Djibouti,DJ
2015,,Djibouti,DJ
2014,,Djibouti,DJ
2013,,Djibouti,DJ
2012,,Djibouti,DJ
2011,,Djibouti,DJ
2010,,Djibouti,DJ
2009,,Djibouti,DJ
2008,,Djibouti,DJ
2007,,Djibouti,DJ
2006,,Djibouti,DJ
2005,,Djibouti,DJ
2004,,Djibouti,DJ
2003,,Djibouti,DJ
2002,,Djibouti,DJ
2001,,Djibouti,DJ
2000,,Djibouti,DJ
1999,,Djibouti,DJ
1998,,Djibouti,DJ
1997,,Djibouti,DJ
1996,,Djibouti,DJ
1995,,Djibouti,DJ
1994,,Djibouti,DJ
1993,,Djibouti,DJ
1992,,Djibouti,DJ
1991,,Djibouti,DJ
1990,,Djibouti,DJ
