ano,valor,pais,codigo_pais
2024,,Ecuador,EC
2023,,Ecuador,EC
2022,1.70000004768372,Ecuador,EC
2021,1.75999999046326,Ecuador,EC
2020,1.62000000476837,Ecuador,EC
2019,,Ecuador,EC
2018,,Ecuador,EC
2017,1.26999998092651,Ecuador,EC
2016,1.25,Ecuador,EC
2015,1.1599999666214,Ecuador,EC
2014,0.990000009536743,Ecuador,EC
2013,1.02999997138977,Ecuador,EC
2012,0.769999980926514,Ecuador,EC
2011,0.550000011920929,Ecuador,EC
2010,0.920000016689301,Ecuador,EC
2009,0.810000002384186,Ecuador,EC
2008,0.75,Ecuador,EC
2007,0.699999988079071,Ecuador,EC
2006,,Ecuador,EC
2005,,Ecuador,EC
2004,,Ecuador,EC
2003,,Ecuador,EC
2002,,Ecuador,EC
2001,,Ecuador,EC
2000,,Ecuador,EC
1999,,Ecuador,EC
1998,,Ecuador,EC
1997,,Ecuador,EC
1996,,Ecuador,EC
1995,,Ecuador,EC
1994,,Ecuador,EC
1993,,Ecuador,EC
1992,,Ecuador,EC
1991,,Ecuador,EC
1990,,Ecuador,EC
