ano,valor,pais,codigo_pais
2024,,Estonia,EE
2023,,Estonia,EE
2022,21.765998840332,Estonia,EE
2021,21.2523212432861,Estonia,EE
2020,21.2399997711182,Estonia,EE
2019,22.1814270019531,Estonia,EE
2018,22.4388942718506,Estonia,EE
2017,21.2987022399902,Estonia,EE
2016,21.0947399139404,Estonia,EE
2015,21.0461254119873,Estonia,EE
2014,20.7745132446289,Estonia,EE
2013,,Estonia,EE
2012,,Estonia,EE
2011,,Estonia,EE
2010,,Estonia,EE
2009,,Estonia,EE
2008,,Estonia,EE
2007,,Estonia,EE
2006,,Estonia,EE
2005,,Estonia,EE
2004,,Estonia,EE
2003,,Estonia,EE
2002,,Estonia,EE
2001,,Estonia,EE
2000,,Estonia,EE
1999,,Estonia,EE
1998,,Estonia,EE
1997,,Estonia,EE
1996,,Estonia,EE
1995,,Estonia,EE
1994,,Estonia,EE
1993,,Estonia,EE
1992,,Estonia,EE
1991,,Estonia,EE
1990,,Estonia,EE
