ano,valor,pais,codigo_pais
2024,,Finland,FI
2023,,Finland,FI
2022,14.4326124191284,Finland,FI
2021,14.19948387146,Finland,FI
2020,15.2984390258789,Finland,FI
2019,12.6999998092651,Finland,FI
2018,13.7064399719238,Finland,FI
2017,11.9099998474121,Finland,FI
2016,12.4071798324585,Finland,FI
2015,11.2799997329712,Finland,FI
2014,11.0699996948242,Finland,FI
2013,10.789999961853,Finland,FI
2012,10.4200000762939,Finland,FI
2011,0.0,Finland,FI
2010,0.0,Finland,FI
2009,,Finland,FI
2008,,Finland,FI
2007,,Finland,FI
2006,,Finland,FI
2005,,Finland,FI
2004,,Finland,FI
2003,,Finland,FI
2002,,Finland,FI
2001,,Finland,FI
2000,,Finland,FI
1999,,Finland,FI
1998,,Finland,FI
1997,,Finland,FI
1996,,Finland,FI
1995,,Finland,FI
1994,,Finland,FI
1993,,Finland,FI
1992,,Finland,FI
1991,,Finland,FI
1990,,Finland,FI
