ano,valor,pais,codigo_pais
2024,,France,FR
2023,13.4551181793213,France,FR
2022,12.3494729995728,France,FR
2021,12.5453929901123,France,FR
2020,11.3593702316284,France,FR
2019,10.5100002288818,France,FR
2018,10.2605886459351,France,FR
2017,9.5,France,FR
2016,9.10000038146973,France,FR
2015,8.77000045776367,France,FR
2014,8.35000038146973,France,FR
2013,,France,FR
2012,,France,FR
2011,,France,FR
2010,,France,FR
2009,,France,FR
2008,,France,FR
2007,,France,FR
2006,,France,FR
2005,,France,FR
2004,,France,FR
2003,,France,FR
2002,,France,FR
2001,,France,FR
2000,,France,FR
1999,,France,FR
1998,,France,FR
1997,,France,FR
1996,,France,FR
1995,,France,FR
1994,,France,FR
1993,,France,FR
1992,,France,FR
1991,,France,FR
1990,,France,FR
