ano,valor,pais,codigo_pais
2024,,Germany,DE
2023,,Germany,DE
2022,12.2767400741577,Germany,DE
2021,12.2709369659424,Germany,DE
2020,12.4799995422363,Germany,DE
2019,12.2291946411133,Germany,DE
2018,11.1999998092651,Germany,DE
2017,11.6356143951416,Germany,DE
2016,11.5100002288818,Germany,DE
2015,11.0299997329712,Germany,DE
2014,10.75,Germany,DE
2013,0.0,Germany,DE
2012,0.0,Germany,DE
2011,0.0,Germany,DE
2010,0.0,Germany,DE
2009,,Germany,DE
2008,,Germany,DE
2007,,Germany,DE
2006,,Germany,DE
2005,,Germany,DE
2004,,Germany,DE
2003,,Germany,DE
2002,,Germany,DE
2001,,Germany,DE
2000,,Germany,DE
1999,,Germany,DE
1998,,Germany,DE
1997,,Germany,DE
1996,,Germany,DE
1995,,Germany,DE
1994,,Germany,DE
1993,,Germany,DE
1992,,Germany,DE
1991,,Germany,DE
1990,,Germany,DE
