ano,valor,pais,codigo_pais
2024,,Spain,ES
2023,,Spain,ES
2022,14.7066955566406,Spain,ES
2021,14.7059316635132,Spain,ES
2020,14.1899995803833,Spain,ES
2019,13.7838439941406,Spain,ES
2018,12.9200000762939,Spain,ES
2017,12.8328409194946,Spain,ES
2016,12.539999961853,Spain,ES
2015,12.3485889434814,Spain,ES
2014,12.206262588501,Spain,ES
2013,0.0,Spain,ES
2012,0.0,Spain,ES
2011,0.0,Spain,ES
2010,0.0,Spain,ES
2009,,Spain,ES
2008,,Spain,ES
2007,,Spain,ES
2006,,Spain,ES
2005,,Spain,ES
2004,,Spain,ES
2003,,Spain,ES
2002,,Spain,ES
2001,,Spain,ES
2000,,Spain,ES
1999,,Spain,ES
1998,,Spain,ES
1997,,Spain,ES
1996,,Spain,ES
1995,,Spain,ES
1994,,Spain,ES
1993,,Spain,ES
1992,,Spain,ES
1991,,Spain,ES
1990,,Spain,ES
