ano,valor,pais,codigo_pais
2024,,Switzerland,CH
2023,18.8233699798584,Switzerland,CH
2022,18.0498600006104,Switzerland,CH
2021,18.6715641021729,Switzerland,CH
2020,20.2927150726318,Switzerland,CH
2019,20.1299991607666,Switzerland,CH
2018,19.9699993133545,Switzerland,CH
2017,19.4243755340576,Switzerland,CH
2016,18.9400005340576,Switzerland,CH
2015,19.0100002288818,Switzerland,CH
2014,18.2000007629395,Switzerland,CH
2013,,Switzerland,CH
2012,,Switzerland,CH
2011,,Switzerland,CH
2010,,Switzerland,CH
2009,,Switzerland,CH
2008,,Switzerland,CH
2007,,Switzerland,CH
2006,,Switzerland,CH
2005,,Switzerland,CH
2004,,Switzerland,CH
2003,,Switzerland,CH
2002,,Switzerland,CH
2001,,Switzerland,CH
2000,,Switzerland,CH
1999,,Switzerland,CH
1998,,Switzerland,CH
1997,,Switzerland,CH
1996,,Switzerland,CH
1995,,Switzerland,CH
1994,,Switzerland,CH
1993,,Switzerland,CH
1992,,Switzerland,CH
1991,,Switzerland,CH
1990,,Switzerland,CH
