ano,valor,pais,codigo_pais
2024,,Afghanistan,AF
2023,,Afghanistan,AF
2022,3.98425006866455,Afghanistan,AF
2021,3.0699999332428,Afghanistan,AF
2020,4.32343006134033,Afghanistan,AF
2019,,Afghanistan,AF
2018,,Afghanistan,AF
2017,5.26141691207886,Afghanistan,AF
2016,,Afghanistan,AF
2015,,Afghanistan,AF
2014,1.91133177280426,Afghanistan,AF
2013,,Afghanistan,AF
2012,,Afghanistan,AF
2011,,Afghanistan,AF
2010,,Afghanistan,AF
2009,,Afghanistan,AF
2008,,Afghanistan,AF
2007,,Afghanistan,AF
2006,,Afghanistan,AF
2005,,Afghanistan,AF
2004,,Afghanistan,AF
2003,,Afghanistan,AF
2002,,Afghanistan,AF
2001,,Afghanistan,AF
2000,,Afghanistan,AF
1999,,Afghanistan,AF
1998,,Afghanistan,AF
1997,,Afghanistan,AF
1996,,Afghanistan,AF
1995,,Afghanistan,AF
1994,,Afghanistan,AF
1993,,Afghanistan,AF
1992,,Afghanistan,AF
1991,,Afghanistan,AF
1990,,Afghanistan,AF
