ano,valor,pais,codigo_pais
2024,,Albania,AL
2023,,Albania,AL
2022,19.834644317627,Albania,AL
2021,18.2029342651367,Albania,AL
2020,,Albania,AL
2019,17.3219871520996,Albania,AL
2018,16.4676494598389,Albania,AL
2017,16.1501998901367,Albania,AL
2016,14.3157796859741,Albania,AL
2015,14.8080072402954,Albania,AL
2014,13.1912441253662,Albania,AL
2013,12.9113216400146,Albania,AL
2012,12.8999996185303,Albania,AL
2011,12.0,Albania,AL
2010,,Albania,AL
2009,,Albania,AL
2008,9.81999969482422,Albania,AL
2007,,Albania,AL
2006,,Albania,AL
2005,,Albania,AL
2004,,Albania,AL
2003,,Albania,AL
2002,,Albania,AL
2001,7.42999982833862,Albania,AL
2000,,Albania,AL
1999,,Albania,AL
1998,,Albania,AL
1997,,Albania,AL
1996,,Albania,AL
1995,,Albania,AL
1994,,Albania,AL
1993,,Albania,AL
1992,,Albania,AL
1991,,Albania,AL
1990,,Albania,AL
