ano,valor,pais,codigo_pais
2024,,Armenia,AM
2023,,Armenia,AM
2022,28.2912654876709,Armenia,AM
2021,28.5798759460449,Armenia,AM
2020,24.2099990844727,Armenia,AM
2019,27.4885902404785,Armenia,AM
2018,24.2692451477051,Armenia,AM
2017,24.3799991607666,Armenia,AM
2016,24.1347694396973,Armenia,AM
2015,27.3099994659424,Armenia,AM
2014,25.2052688598633,Armenia,AM
2013,24.1895084381104,Armenia,AM
2012,23.3566970825195,Armenia,AM
2011,24.4200000762939,Armenia,AM
2010,21.076099395752,Armenia,AM
2009,,Armenia,AM
2008,,Armenia,AM
2007,,Armenia,AM
2006,,Armenia,AM
2005,,Armenia,AM
2004,,Armenia,AM
2003,,Armenia,AM
2002,,Armenia,AM
2001,20.3600006103516,Armenia,AM
2000,,Armenia,AM
1999,,Armenia,AM
1998,,Armenia,AM
1997,,Armenia,AM
1996,,Armenia,AM
1995,,Armenia,AM
1994,,Armenia,AM
1993,,Armenia,AM
1992,,Armenia,AM
1991,,Armenia,AM
1990,,Armenia,AM
