ano,valor,pais,codigo_pais
2024,,Austria,AT
2023,,Austria,AT
2022,,Austria,AT
2021,16.605094909668,Austria,AT
2020,15.9696025848389,Austria,AT
2019,15.3599996566772,Austria,AT
2018,14.7956075668335,Austria,AT
2017,14.25,Austria,AT
2016,13.460000038147,Austria,AT
2015,13.0799999237061,Austria,AT
2014,11.8699998855591,Austria,AT
2013,,Austria,AT
2012,,Austria,AT
2011,,Austria,AT
2010,,Austria,AT
2009,,Austria,AT
2008,,Austria,AT
2007,,Austria,AT
2006,,Austria,AT
2005,,Austria,AT
2004,,Austria,AT
2003,,Austria,AT
2002,,Austria,AT
2001,,Austria,AT
2000,,Austria,AT
1999,,Austria,AT
1998,,Austria,AT
1997,,Austria,AT
1996,,Austria,AT
1995,,Austria,AT
1994,,Austria,AT
1993,,Austria,AT
1992,,Austria,AT
1991,,Austria,AT
1990,,Austria,AT
