ano,valor,pais,codigo_pais
2024,,Australia,AU
2023,35.764835357666,Australia,AU
2022,36.8400001525879,Australia,AU
2021,35.9599990844727,Australia,AU
2020,35.0200004577637,Australia,AU
2019,33.0900001525879,Australia,AU
2018,31.75,Australia,AU
2017,31.3899993896484,Australia,AU
2016,30.0300006866455,Australia,AU
2015,29.7800006866455,Australia,AU
2014,28.6200008392334,Australia,AU
2013,26.7399997711182,Australia,AU
2012,,Australia,AU
2011,,Australia,AU
2010,,Australia,AU
2009,,Australia,AU
2008,,Australia,AU
2007,,Australia,AU
2006,,Australia,AU
2005,,Australia,AU
2004,,Australia,AU
2003,,Australia,AU
2002,,Australia,AU
2001,,Australia,AU
2000,,Australia,AU
1999,,Australia,AU
1998,,Australia,AU
1997,,Australia,AU
1996,,Australia,AU
1995,,Australia,AU
1994,,Australia,AU
1993,,Australia,AU
1992,,Australia,AU
1991,,Australia,AU
1990,,Australia,AU
