ano,valor,pais,codigo_pais
2024,,Azerbaijan,AZ
2023,17.6700000762939,Azerbaijan,AZ
2022,17.6716747283936,Azerbaijan,AZ
2021,16.2499160766602,Azerbaijan,AZ
2020,,Azerbaijan,AZ
2019,15.7200002670288,Azerbaijan,AZ
2018,15.7299995422363,Azerbaijan,AZ
2017,15.7200002670288,Azerbaijan,AZ
2016,15.7399997711182,Azerbaijan,AZ
2015,15.6899995803833,Azerbaijan,AZ
2014,15.6800003051758,Azerbaijan,AZ
2013,15.6599998474121,Azerbaijan,AZ
2012,,Azerbaijan,AZ
2011,,Azerbaijan,AZ
2010,,Azerbaijan,AZ
2009,,Azerbaijan,AZ
2008,,Azerbaijan,AZ
2007,,Azerbaijan,AZ
2006,,Azerbaijan,AZ
2005,,Azerbaijan,AZ
2004,,Azerbaijan,AZ
2003,,Azerbaijan,AZ
2002,,Azerbaijan,AZ
2001,,Azerbaijan,AZ
2000,,Azerbaijan,AZ
1999,13.2799997329712,Azerbaijan,AZ
1998,,Azerbaijan,AZ
1997,,Azerbaijan,AZ
1996,,Azerbaijan,AZ
1995,,Azerbaijan,AZ
1994,,Azerbaijan,AZ
1993,,Azerbaijan,AZ
1992,,Azerbaijan,AZ
1991,,Azerbaijan,AZ
1990,,Azerbaijan,AZ
