ano,valor,pais,codigo_pais
2024,,Bangladesh,BD
2023,,Bangladesh,BD
2022,7.57236766815186,Bangladesh,BD
2021,9.78999996185303,Bangladesh,BD
2020,,Bangladesh,BD
2019,9.76000022888184,Bangladesh,BD
2018,9.35999965667725,Bangladesh,BD
2017,8.97999954223633,Bangladesh,BD
2016,8.51000022888184,Bangladesh,BD
2015,8.23999977111816,Bangladesh,BD
2014,5.84999990463257,Bangladesh,BD
2013,5.5,Bangladesh,BD
2012,5.86999988555908,Bangladesh,BD
2011,5.69000005722046,Bangladesh,BD
2010,,Bangladesh,BD
2009,,Bangladesh,BD
2008,,Bangladesh,BD
2007,,Bangladesh,BD
2006,,Bangladesh,BD
2005,,Bangladesh,BD
2004,,Bangladesh,BD
2003,,Bangladesh,BD
2002,,Bangladesh,BD
2001,,Bangladesh,BD
2000,,Bangladesh,BD
1999,,Bangladesh,BD
1998,,Bangladesh,BD
1997,,Bangladesh,BD
1996,,Bangladesh,BD
1995,,Bangladesh,BD
1994,,Bangladesh,BD
1993,,Bangladesh,BD
1992,,Bangladesh,BD
1991,,Bangladesh,BD
1990,,Bangladesh,BD
