ano,valor,pais,codigo_pais
2024,,Belarus,BY
2023,,Belarus,BY
2022,,Belarus,BY
2021,,Belarus,BY
2020,,Belarus,BY
2019,28.2999992370605,Belarus,BY
2018,,Belarus,BY
2017,,Belarus,BY
2016,,Belarus,BY
2015,,Belarus,BY
2014,,Belarus,BY
2013,,Belarus,BY
2012,,Belarus,BY
2011,,Belarus,BY
2010,,Belarus,BY
2009,21.9599990844727,Belarus,BY
2008,,Belarus,BY
2007,,Belarus,BY
2006,,Belarus,BY
2005,,Belarus,BY
2004,,Belarus,BY
2003,,Belarus,BY
2002,,Belarus,BY
2001,,Belarus,BY
2000,,Belarus,BY
1999,,Belarus,BY
1998,,Belarus,BY
1997,,Belarus,BY
1996,,Belarus,BY
1995,,Belarus,BY
1994,,Belarus,BY
1993,,Belarus,BY
1992,,Belarus,BY
1991,,Belarus,BY
1990,,Belarus,BY
