ano,valor,pais,codigo_pais
2024,,Belgium,BE
2023,,Belgium,BE
2022,39.385196685791,Belgium,BE
2021,38.5315399169922,Belgium,BE
2020,36.6534843444824,Belgium,BE
2019,35.2999992370605,Belgium,BE
2018,35.2702827453613,Belgium,BE
2017,34.689998626709,Belgium,BE
2016,32.1699981689453,Belgium,BE
2015,31.7099990844727,Belgium,BE
2014,31.2600002288818,Belgium,BE
2013,30.25,Belgium,BE
2012,0.498984664678574,Belgium,BE
2011,0.498997062444687,Belgium,BE
2010,0.541976690292358,Belgium,BE
2009,,Belgium,BE
2008,,Belgium,BE
2007,,Belgium,BE
2006,,Belgium,BE
2005,,Belgium,BE
2004,,Belgium,BE
2003,,Belgium,BE
2002,,Belgium,BE
2001,,Belgium,BE
2000,,Belgium,BE
1999,,Belgium,BE
1998,,Belgium,BE
1997,,Belgium,BE
1996,,Belgium,BE
1995,,Belgium,BE
1994,,Belgium,BE
1993,,Belgium,BE
1992,,Belgium,BE
1991,,Belgium,BE
1990,,Belgium,BE
