ano,valor,pais,codigo_pais
2024,,Belize,BZ
2023,,Belize,BZ
2022,,Belize,BZ
2021,4.44977998733521,Belize,BZ
2020,7.88000011444092,Belize,BZ
2019,6.68530750274658,Belize,BZ
2018,,Belize,BZ
2017,,Belize,BZ
2016,,Belize,BZ
2015,2.56925010681152,Belize,BZ
2014,,Belize,BZ
2013,,Belize,BZ
2012,,Belize,BZ
2011,,Belize,BZ
2010,5.71999979019165,Belize,BZ
2009,,Belize,BZ
2008,,Belize,BZ
2007,,Belize,BZ
2006,,Belize,BZ
2005,,Belize,BZ
2004,,Belize,BZ
2003,,Belize,BZ
2002,,Belize,BZ
2001,,Belize,BZ
2000,,Belize,BZ
1999,,Belize,BZ
1998,,Belize,BZ
1997,,Belize,BZ
1996,,Belize,BZ
1995,,Belize,BZ
1994,,Belize,BZ
1993,,Belize,BZ
1992,,Belize,BZ
1991,,Belize,BZ
1990,,Belize,BZ
