ano,valor,pais,codigo_pais
2024,,Bermuda,BM
2023,,Bermuda,BM
2022,,Bermuda,BM
2021,,Bermuda,BM
2020,,Bermuda,BM
2019,,Bermuda,BM
2018,,Bermuda,BM
2017,,Bermuda,BM
2016,31.1100006103516,Bermuda,BM
2015,,Bermuda,BM
2014,,Bermuda,BM
2013,,Bermuda,BM
2012,,Bermuda,BM
2011,,Bermuda,BM
2010,28.3299999237061,Bermuda,BM
2009,,Bermuda,BM
2008,,Bermuda,BM
2007,,Bermuda,BM
2006,,Bermuda,BM
2005,,Bermuda,BM
2004,,Bermuda,BM
2003,,Bermuda,BM
2002,,Bermuda,BM
2001,,Bermuda,BM
2000,,Bermuda,BM
1999,,Bermuda,BM
1998,,Bermuda,BM
1997,,Bermuda,BM
1996,,Bermuda,BM
1995,,Bermuda,BM
1994,,Bermuda,BM
1993,,Bermuda,BM
1992,,Bermuda,BM
1991,,Bermuda,BM
1990,,Bermuda,BM
