ano,valor,pais,codigo_pais
2024,,Bolivia,BO
2023,17.8769969940186,Bolivia,BO
2022,16.893159866333,Bolivia,BO
2021,16.2906856536865,Bolivia,BO
2020,26.8199996948242,Bolivia,BO
2019,24.7000007629395,Bolivia,BO
2018,14.3088550567627,Bolivia,BO
2017,14.1513919830322,Bolivia,BO
2016,13.4819030761719,Bolivia,BO
2015,22.3299999237061,Bolivia,BO
2014,12.9951934814453,Bolivia,BO
2013,14.825252532959,Bolivia,BO
2012,12.9347915649414,Bolivia,BO
2011,15.0740156173706,Bolivia,BO
2010,,Bolivia,BO
2009,,Bolivia,BO
2008,,Bolivia,BO
2007,,Bolivia,BO
2006,,Bolivia,BO
2005,,Bolivia,BO
2004,,Bolivia,BO
2003,,Bolivia,BO
2002,,Bolivia,BO
2001,,Bolivia,BO
2000,,Bolivia,BO
1999,,Bolivia,BO
1998,,Bolivia,BO
1997,,Bolivia,BO
1996,,Bolivia,BO
1995,,Bolivia,BO
1994,,Bolivia,BO
1993,,Bolivia,BO
1992,,Bolivia,BO
1991,,Bolivia,BO
1990,,Bolivia,BO
