ano,valor,pais,codigo_pais
2024,,Botswana,BW
2023,9.64603805541992,Botswana,BW
2022,9.51717185974121,Botswana,BW
2021,8.84055423736572,Botswana,BW
2020,8.33574199676514,Botswana,BW
2019,8.1895227432251,Botswana,BW
2018,,Botswana,BW
2017,,Botswana,BW
2016,,Botswana,BW
2015,,Botswana,BW
2014,,Botswana,BW
2013,,Botswana,BW
2012,,Botswana,BW
2011,,Botswana,BW
2010,,Botswana,BW
2009,,Botswana,BW
2008,,Botswana,BW
2007,,Botswana,BW
2006,,Botswana,BW
2005,,Botswana,BW
2004,,Botswana,BW
2003,,Botswana,BW
2002,,Botswana,BW
2001,,Botswana,BW
2000,,Botswana,BW
1999,,Botswana,BW
1998,,Botswana,BW
1997,,Botswana,BW
1996,,Botswana,BW
1995,,Botswana,BW
1994,,Botswana,BW
1993,,Botswana,BW
1992,,Botswana,BW
1991,,Botswana,BW
1990,,Botswana,BW
