ano,valor,pais,codigo_pais
2024,,Bulgaria,BG
2023,,Bulgaria,BG
2022,26.3977317810059,Bulgaria,BG
2021,26.2697563171387,Bulgaria,BG
2020,26.0499992370605,Bulgaria,BG
2019,25.1552085876465,Bulgaria,BG
2018,25.113618850708,Bulgaria,BG
2017,24.7099990844727,Bulgaria,BG
2016,24.6299991607666,Bulgaria,BG
2015,24.4699993133545,Bulgaria,BG
2014,24.0599994659424,Bulgaria,BG
2013,22.9200000762939,Bulgaria,BG
2012,21.5100002288818,Bulgaria,BG
2011,20.8099994659424,Bulgaria,BG
2010,20.7199993133545,Bulgaria,BG
2009,20.5300006866455,Bulgaria,BG
2008,20.1900005340576,Bulgaria,BG
2007,19.8199996948242,Bulgaria,BG
2006,19.5,Bulgaria,BG
2005,,Bulgaria,BG
2004,,Bulgaria,BG
2003,,Bulgaria,BG
2002,,Bulgaria,BG
2001,18.0499992370605,Bulgaria,BG
2000,,Bulgaria,BG
1999,,Bulgaria,BG
1998,,Bulgaria,BG
1997,,Bulgaria,BG
1996,,Bulgaria,BG
1995,,Bulgaria,BG
1994,,Bulgaria,BG
1993,,Bulgaria,BG
1992,15.039999961853,Bulgaria,BG
1991,,Bulgaria,BG
1990,,Bulgaria,BG
