ano,valor,pais,codigo_pais
2024,,Canada,CA
2023,32.88818359375,Canada,CA
2022,32.3500862121582,Canada,CA
2021,29.3299999237061,Canada,CA
2020,30.970832824707,Canada,CA
2019,29.7712154388428,Canada,CA
2018,28.5200099945068,Canada,CA
2017,27.9425659179688,Canada,CA
2016,25.75,Canada,CA
2015,26.577808380127,Canada,CA
2014,25.6870307922363,Canada,CA
2013,25.3839149475098,Canada,CA
2012,24.7599868774414,Canada,CA
2011,24.0642337799072,Canada,CA
2010,23.551887512207,Canada,CA
2009,,Canada,CA
2008,,Canada,CA
2007,,Canada,CA
2006,,Canada,CA
2005,,Canada,CA
2004,,Canada,CA
2003,,Canada,CA
2002,,Canada,CA
2001,,Canada,CA
2000,,Canada,CA
1999,,Canada,CA
1998,,Canada,CA
1997,,Canada,CA
1996,,Canada,CA
1995,,Canada,CA
1994,,Canada,CA
1993,,Canada,CA
1992,,Canada,CA
1991,,Canada,CA
1990,,Canada,CA
