ano,valor,pais,codigo_pais
2024,,Central African Republic,CF
2023,,Central African Republic,CF
2022,,Central African Republic,CF
2021,,Central African Republic,CF
2020,,Central African Republic,CF
2019,1.81203997135162,Central African Republic,CF
2018,,Central African Republic,CF
2017,,Central African Republic,CF
2016,,Central African Republic,CF
2015,,Central African Republic,CF
2014,,Central African Republic,CF
2013,,Central African Republic,CF
2012,,Central African Republic,CF
2011,,Central African Republic,CF
2010,,Central African Republic,CF
2009,,Central African Republic,CF
2008,,Central African Republic,CF
2007,,Central African Republic,CF
2006,,Central African Republic,CF
2005,,Central African Republic,CF
2004,,Central African Republic,CF
2003,,Central African Republic,CF
2002,,Central African Republic,CF
2001,,Central African Republic,CF
2000,,Central African Republic,CF
1999,,Central African Republic,CF
1998,,Central African Republic,CF
1997,,Central African Republic,CF
1996,,Central African Republic,CF
1995,,Central African Republic,CF
1994,,Central African Republic,CF
1993,,Central African Republic,CF
1992,,Central African Republic,CF
1991,,Central African Republic,CF
1990,,Central African Republic,CF
