ano,valor,pais,codigo_pais
2024,,Chile,CL
2023,21.5449905395508,Chile,CL
2022,20.2825660705566,Chile,CL
2021,19.6066036224365,Chile,CL
2020,19.1351909637451,Chile,CL
2019,15.9265537261963,Chile,CL
2018,15.5733489990234,Chile,CL
2017,14.6400003433228,Chile,CL
2016,13.9364814758301,Chile,CL
2015,13.1000003814697,Chile,CL
2014,13.3998031616211,Chile,CL
2013,11.7200002670288,Chile,CL
2012,12.4730710983276,Chile,CL
2011,10.3599996566772,Chile,CL
2010,11.7690849304199,Chile,CL
2009,,Chile,CL
2008,,Chile,CL
2007,,Chile,CL
2006,,Chile,CL
2005,,Chile,CL
2004,,Chile,CL
2003,,Chile,CL
2002,,Chile,CL
2001,,Chile,CL
2000,,Chile,CL
1999,,Chile,CL
1998,,Chile,CL
1997,,Chile,CL
1996,,Chile,CL
1995,,Chile,CL
1994,,Chile,CL
1993,,Chile,CL
1992,,Chile,CL
1991,,Chile,CL
1990,,Chile,CL
