ano,valor,pais,codigo_pais
2024,,Colombia,CO
2023,16.4727363586426,Colombia,CO
2022,16.20046043396,Colombia,CO
2021,,Colombia,CO
2020,12.8500003814697,Colombia,CO
2019,12.0699996948242,Colombia,CO
2018,11.7600002288818,Colombia,CO
2017,,Colombia,CO
2016,10.8999996185303,Colombia,CO
2015,10.3000001907349,Colombia,CO
2014,10.5100002288818,Colombia,CO
2013,10.0799999237061,Colombia,CO
2012,9.47000026702881,Colombia,CO
2011,9.52000045776367,Colombia,CO
2010,9.47000026702881,Colombia,CO
2009,9.1899995803833,Colombia,CO
2008,9.96000003814697,Colombia,CO
2007,9.6899995803833,Colombia,CO
2006,,Colombia,CO
2005,,Colombia,CO
2004,,Colombia,CO
2003,,Colombia,CO
2002,,Colombia,CO
2001,,Colombia,CO
2000,,Colombia,CO
1999,,Colombia,CO
1998,,Colombia,CO
1997,,Colombia,CO
1996,,Colombia,CO
1995,,Colombia,CO
1994,,Colombia,CO
1993,,Colombia,CO
1992,,Colombia,CO
1991,,Colombia,CO
1990,,Colombia,CO
