ano,valor,pais,codigo_pais
2024,,Cuba,CU
2023,,Cuba,CU
2022,,Cuba,CU
2021,,Cuba,CU
2020,,Cuba,CU
2019,15.3287696838379,Cuba,CU
2018,,Cuba,CU
2017,,Cuba,CU
2016,,Cuba,CU
2015,,Cuba,CU
2014,,Cuba,CU
2013,,Cuba,CU
2012,14.1800003051758,Cuba,CU
2011,,Cuba,CU
2010,,Cuba,CU
2009,,Cuba,CU
2008,,Cuba,CU
2007,,Cuba,CU
2006,,Cuba,CU
2005,,Cuba,CU
2004,,Cuba,CU
2003,,Cuba,CU
2002,9.35999965667725,Cuba,CU
2001,,Cuba,CU
2000,,Cuba,CU
1999,,Cuba,CU
1998,,Cuba,CU
1997,,Cuba,CU
1996,,Cuba,CU
1995,,Cuba,CU
1994,,Cuba,CU
1993,,Cuba,CU
1992,,Cuba,CU
1991,,Cuba,CU
1990,,Cuba,CU
