ano,valor,pais,codigo_pais
2024,,Cyprus,CY
2023,,Cyprus,CY
2022,33.1645622253418,Cyprus,CY
2021,31.7849750518799,Cyprus,CY
2020,29.7999992370605,Cyprus,CY
2019,28.8715553283691,Cyprus,CY
2018,28.5599994659424,Cyprus,CY
2017,27.1771392822266,Cyprus,CY
2016,26.6200008392334,Cyprus,CY
2015,25.5499992370605,Cyprus,CY
2014,25.9699993133545,Cyprus,CY
2013,24.8899993896484,Cyprus,CY
2012,,Cyprus,CY
2011,,Cyprus,CY
2010,,Cyprus,CY
2009,,Cyprus,CY
2008,,Cyprus,CY
2007,,Cyprus,CY
2006,,Cyprus,CY
2005,,Cyprus,CY
2004,,Cyprus,CY
2003,,Cyprus,CY
2002,,Cyprus,CY
2001,,Cyprus,CY
2000,,Cyprus,CY
1999,,Cyprus,CY
1998,,Cyprus,CY
1997,,Cyprus,CY
1996,,Cyprus,CY
1995,,Cyprus,CY
1994,,Cyprus,CY
1993,,Cyprus,CY
1992,,Cyprus,CY
1991,,Cyprus,CY
1990,,Cyprus,CY
