ano,valor,pais,codigo_pais
2024,,Czechia,CZ
2023,,Czechia,CZ
2022,20.9734058380127,Czechia,CZ
2021,22.8479957580566,Czechia,CZ
2020,21.3851680755615,Czechia,CZ
2019,20.9099998474121,Czechia,CZ
2018,21.0019187927246,Czechia,CZ
2017,20.7299995422363,Czechia,CZ
2016,20.0799999237061,Czechia,CZ
2015,19.3400001525879,Czechia,CZ
2014,18.8299999237061,Czechia,CZ
2013,4.42498064041138,Czechia,CZ
2012,4.1296648979187,Czechia,CZ
2011,3.59428691864014,Czechia,CZ
2010,2.86714029312134,Czechia,CZ
2009,,Czechia,CZ
2008,,Czechia,CZ
2007,,Czechia,CZ
2006,,Czechia,CZ
2005,,Czechia,CZ
2004,,Czechia,CZ
2003,,Czechia,CZ
2002,,Czechia,CZ
2001,,Czechia,CZ
2000,,Czechia,CZ
1999,,Czechia,CZ
1998,,Czechia,CZ
1997,,Czechia,CZ
1996,,Czechia,CZ
1995,,Czechia,CZ
1994,,Czechia,CZ
1993,,Czechia,CZ
1992,,Czechia,CZ
1991,,Czechia,CZ
1990,,Czechia,CZ
