ano,valor,pais,codigo_pais
2024,,Denmark,DK
2023,,Denmark,DK
2022,32.7245712280273,Denmark,DK
2021,32.452018737793,Denmark,DK
2020,33.0900001525879,Denmark,DK
2019,31.120885848999,Denmark,DK
2018,32.3600006103516,Denmark,DK
2017,29.7281112670898,Denmark,DK
2016,30.9799995422363,Denmark,DK
2015,30.3799991607666,Denmark,DK
2014,28.9799995422363,Denmark,DK
2013,0.678235471248627,Denmark,DK
2012,0.601769864559174,Denmark,DK
2011,0.570325374603271,Denmark,DK
2010,0.534815609455109,Denmark,DK
2009,,Denmark,DK
2008,,Denmark,DK
2007,,Denmark,DK
2006,,Denmark,DK
2005,,Denmark,DK
2004,,Denmark,DK
2003,,Denmark,DK
2002,,Denmark,DK
2001,,Denmark,DK
2000,,Denmark,DK
1999,,Denmark,DK
1998,,Denmark,DK
1997,,Denmark,DK
1996,,Denmark,DK
1995,,Denmark,DK
1994,,Denmark,DK
1993,,Denmark,DK
1992,,Denmark,DK
1991,,Denmark,DK
1990,,Denmark,DK
