ano,valor,pais,codigo_pais
2024,,Ecuador,EC
2023,,Ecuador,EC
2022,12.1300001144409,Ecuador,EC
2021,12.3999996185303,Ecuador,EC
2020,11.9399995803833,Ecuador,EC
2019,,Ecuador,EC
2018,,Ecuador,EC
2017,12.1599998474121,Ecuador,EC
2016,11.7200002670288,Ecuador,EC
2015,12.0799999237061,Ecuador,EC
2014,10.4300003051758,Ecuador,EC
2013,11.5200004577637,Ecuador,EC
2012,10.9499998092651,Ecuador,EC
2011,9.61999988555908,Ecuador,EC
2010,10.2700004577637,Ecuador,EC
2009,9.97000026702881,Ecuador,EC
2008,9.77999973297119,Ecuador,EC
2007,10.1700000762939,Ecuador,EC
2006,,Ecuador,EC
2005,,Ecuador,EC
2004,,Ecuador,EC
2003,,Ecuador,EC
2002,,Ecuador,EC
2001,,Ecuador,EC
2000,,Ecuador,EC
1999,,Ecuador,EC
1998,,Ecuador,EC
1997,,Ecuador,EC
1996,,Ecuador,EC
1995,,Ecuador,EC
1994,,Ecuador,EC
1993,,Ecuador,EC
1992,,Ecuador,EC
1991,,Ecuador,EC
1990,,Ecuador,EC
