ano,valor,pais,codigo_pais
2024,,Eritrea,ER
2023,,Eritrea,ER
2022,,Eritrea,ER
2021,,Eritrea,ER
2020,,Eritrea,ER
2019,,Eritrea,ER
2018,,Eritrea,ER
2017,,Eritrea,ER
2016,,Eritrea,ER
2015,,Eritrea,ER
2014,,Eritrea,ER
2013,,Eritrea,ER
2012,,Eritrea,ER
2011,,Eritrea,ER
2010,,Eritrea,ER
2009,,Eritrea,ER
2008,,Eritrea,ER
2007,,Eritrea,ER
2006,,Eritrea,ER
2005,,Eritrea,ER
2004,,Eritrea,ER
2003,,Eritrea,ER
2002,,Eritrea,ER
2001,,Eritrea,ER
2000,,Eritrea,ER
1999,,Eritrea,ER
1998,,Eritrea,ER
1997,,Eritrea,ER
1996,,Eritrea,ER
1995,,Eritrea,ER
1994,,Eritrea,ER
1993,,Eritrea,ER
1992,,Eritrea,ER
1991,,Eritrea,ER
1990,,Eritrea,ER
