ano,valor,pais,codigo_pais
2024,,Estonia,EE
2023,,Estonia,EE
2022,32.6602210998535,Estonia,EE
2021,31.7315711975098,Estonia,EE
2020,30.8500003814697,Estonia,EE
2019,33.4643707275391,Estonia,EE
2018,33.57568359375,Estonia,EE
2017,31.720100402832,Estonia,EE
2016,30.4089946746826,Estonia,EE
2015,29.775821685791,Estonia,EE
2014,29.137752532959,Estonia,EE
2013,,Estonia,EE
2012,,Estonia,EE
2011,,Estonia,EE
2010,,Estonia,EE
2009,,Estonia,EE
2008,,Estonia,EE
2007,,Estonia,EE
2006,,Estonia,EE
2005,,Estonia,EE
2004,,Estonia,EE
2003,,Estonia,EE
2002,,Estonia,EE
2001,,Estonia,EE
2000,,Estonia,EE
1999,,Estonia,EE
1998,,Estonia,EE
1997,,Estonia,EE
1996,,Estonia,EE
1995,,Estonia,EE
1994,,Estonia,EE
1993,,Estonia,EE
1992,,Estonia,EE
1991,,Estonia,EE
1990,,Estonia,EE
