ano,valor,pais,codigo_pais
2024,,Finland,FI
2023,,Finland,FI
2022,28.7976665496826,Finland,FI
2021,28.2076778411865,Finland,FI
2020,30.9471302032471,Finland,FI
2019,25.9400005340576,Finland,FI
2018,27.8136768341064,Finland,FI
2017,24.3400001525879,Finland,FI
2016,25.4359493255615,Finland,FI
2015,23.0300006866455,Finland,FI
2014,22.5100002288818,Finland,FI
2013,21.8899993896484,Finland,FI
2012,21.1399993896484,Finland,FI
2011,0.987625002861023,Finland,FI
2010,0.945088148117065,Finland,FI
2009,,Finland,FI
2008,,Finland,FI
2007,,Finland,FI
2006,,Finland,FI
2005,,Finland,FI
2004,,Finland,FI
2003,,Finland,FI
2002,,Finland,FI
2001,,Finland,FI
2000,,Finland,FI
1999,,Finland,FI
1998,,Finland,FI
1997,,Finland,FI
1996,,Finland,FI
1995,,Finland,FI
1994,,Finland,FI
1993,,Finland,FI
1992,,Finland,FI
1991,,Finland,FI
1990,,Finland,FI
