ano,valor,pais,codigo_pais
2024,,France,FR
2023,24.354621887207,France,FR
2022,22.5577774047852,France,FR
2021,22.9377460479736,France,FR
2020,20.9787750244141,France,FR
2019,19.7000007629395,France,FR
2018,19.2230129241943,France,FR
2017,18.0,France,FR
2016,17.3999996185303,France,FR
2015,17.6599998474121,France,FR
2014,16.3899993896484,France,FR
2013,,France,FR
2012,,France,FR
2011,,France,FR
2010,,France,FR
2009,,France,FR
2008,,France,FR
2007,,France,FR
2006,,France,FR
2005,,France,FR
2004,,France,FR
2003,,France,FR
2002,,France,FR
2001,,France,FR
2000,,France,FR
1999,,France,FR
1998,,France,FR
1997,,France,FR
1996,,France,FR
1995,,France,FR
1994,,France,FR
1993,,France,FR
1992,,France,FR
1991,,France,FR
1990,,France,FR
