ano,valor,pais,codigo_pais
2024,,Germany,DE
2023,,Germany,DE
2022,29.2060985565186,Germany,DE
2021,29.0407466888428,Germany,DE
2020,28.3500003814697,Germany,DE
2019,27.0112819671631,Germany,DE
2018,25.1499996185303,Germany,DE
2017,25.8552474975586,Germany,DE
2016,25.5799999237061,Germany,DE
2015,24.7399997711182,Germany,DE
2014,24.1800003051758,Germany,DE
2013,1.23633599281311,Germany,DE
2012,1.24101305007935,Germany,DE
2011,1.21879899501801,Germany,DE
2010,1.2921187877655,Germany,DE
2009,,Germany,DE
2008,,Germany,DE
2007,,Germany,DE
2006,,Germany,DE
2005,,Germany,DE
2004,,Germany,DE
2003,,Germany,DE
2002,,Germany,DE
2001,,Germany,DE
2000,,Germany,DE
1999,,Germany,DE
1998,,Germany,DE
1997,,Germany,DE
1996,,Germany,DE
1995,,Germany,DE
1994,,Germany,DE
1993,,Germany,DE
1992,,Germany,DE
1991,,Germany,DE
1990,,Germany,DE
