ano,valor,pais,codigo_pais
2024,,Spain,ES
2023,,Spain,ES
2022,24.706615447998,Spain,ES
2021,24.6002025604248,Spain,ES
2020,23.5799999237061,Spain,ES
2019,23.0202732086182,Spain,ES
2018,21.9400005340576,Spain,ES
2017,21.4282608032227,Spain,ES
2016,20.9400005340576,Spain,ES
2015,20.4723052978516,Spain,ES
2014,20.375280380249,Spain,ES
2013,0.568471610546112,Spain,ES
2012,0.582100212574005,Spain,ES
2011,0.565749108791351,Spain,ES
2010,0.506335854530334,Spain,ES
2009,,Spain,ES
2008,,Spain,ES
2007,,Spain,ES
2006,,Spain,ES
2005,,Spain,ES
2004,,Spain,ES
2003,,Spain,ES
2002,,Spain,ES
2001,,Spain,ES
2000,,Spain,ES
1999,,Spain,ES
1998,,Spain,ES
1997,,Spain,ES
1996,,Spain,ES
1995,,Spain,ES
1994,,Spain,ES
1993,,Spain,ES
1992,,Spain,ES
1991,,Spain,ES
1990,,Spain,ES
