ano,valor,pais,codigo_pais
2024,,Switzerland,CH
2023,41.2647743225098,Switzerland,CH
2022,40.0153961181641,Switzerland,CH
2021,40.1155204772949,Switzerland,CH
2020,40.4104690551758,Switzerland,CH
2019,39.5556106567383,Switzerland,CH
2018,38.9846878051758,Switzerland,CH
2017,37.8640937805176,Switzerland,CH
2016,36.604320526123,Switzerland,CH
2015,35.4598159790039,Switzerland,CH
2014,34.0826568603516,Switzerland,CH
2013,,Switzerland,CH
2012,,Switzerland,CH
2011,,Switzerland,CH
2010,,Switzerland,CH
2009,,Switzerland,CH
2008,,Switzerland,CH
2007,,Switzerland,CH
2006,,Switzerland,CH
2005,,Switzerland,CH
2004,,Switzerland,CH
2003,,Switzerland,CH
2002,,Switzerland,CH
2001,,Switzerland,CH
2000,,Switzerland,CH
1999,,Switzerland,CH
1998,,Switzerland,CH
1997,,Switzerland,CH
1996,,Switzerland,CH
1995,,Switzerland,CH
1994,,Switzerland,CH
1993,,Switzerland,CH
1992,,Switzerland,CH
1991,,Switzerland,CH
1990,,Switzerland,CH
