ano,valor,pais,codigo_pais
2024,,Afghanistan,AF
2023,35.437,Afghanistan,AF
2022,36.045,Afghanistan,AF
2021,36.342,Afghanistan,AF
2020,36.601,Afghanistan,AF
2019,37.138,Afghanistan,AF
2018,37.624,Afghanistan,AF
2017,38.171,Afghanistan,AF
2016,38.732,Afghanistan,AF
2015,39.364,Afghanistan,AF
2014,39.646,Afghanistan,AF
2013,40.288,Afghanistan,AF
2012,40.702,Afghanistan,AF
2011,40.973,Afghanistan,AF
2010,41.759,Afghanistan,AF
2009,42.162,Afghanistan,AF
2008,42.538,Afghanistan,AF
2007,43.831,Afghanistan,AF
2006,44.087,Afghanistan,AF
2005,44.952,Afghanistan,AF
2004,46.492,Afghanistan,AF
2003,47.056,Afghanistan,AF
2002,47.488,Afghanistan,AF
2001,49.623,Afghanistan,AF
2000,51.491,Afghanistan,AF
1999,50.948,Afghanistan,AF
1998,51.457,Afghanistan,AF
1997,52.117,Afghanistan,AF
1996,52.491,Afghanistan,AF
1995,52.683,Afghanistan,AF
1994,52.41,Afghanistan,AF
1993,50.834,Afghanistan,AF
1992,50.315,Afghanistan,AF
1991,52.279,Afghanistan,AF
1990,52.888,Afghanistan,AF
