ano,valor,pais,codigo_pais
2024,,Albania,AL
2023,10.244,Albania,AL
2022,10.305,Albania,AL
2021,10.512,Albania,AL
2020,10.536,Albania,AL
2019,10.757,Albania,AL
2018,10.898,Albania,AL
2017,11.416,Albania,AL
2016,11.873,Albania,AL
2015,12.431,Albania,AL
2014,13.071,Albania,AL
2013,13.137,Albania,AL
2012,12.868,Albania,AL
2011,12.406,Albania,AL
2010,12.373,Albania,AL
2009,12.326,Albania,AL
2008,12.209,Albania,AL
2007,12.439,Albania,AL
2006,12.977,Albania,AL
2005,13.862,Albania,AL
2004,14.7,Albania,AL
2003,15.616,Albania,AL
2002,15.585,Albania,AL
2001,16.596,Albania,AL
2000,17.513,Albania,AL
1999,18.487,Albania,AL
1998,19.609,Albania,AL
1997,20.762,Albania,AL
1996,22.145,Albania,AL
1995,23.263,Albania,AL
1994,23.85,Albania,AL
1993,24.194,Albania,AL
1992,24.99,Albania,AL
1991,25.618,Albania,AL
1990,26.08,Albania,AL
