ano,valor,pais,codigo_pais
2024,,Algeria,DZ
2023,19.625,Algeria,DZ
2022,20.491,Algeria,DZ
2021,21.392,Algeria,DZ
2020,22.43,Algeria,DZ
2019,23.379,Algeria,DZ
2018,24.063,Algeria,DZ
2017,25.015,Algeria,DZ
2016,25.439,Algeria,DZ
2015,25.811,Algeria,DZ
2014,26.063,Algeria,DZ
2013,25.524,Algeria,DZ
2012,25.656,Algeria,DZ
2011,24.76,Algeria,DZ
2010,24.556,Algeria,DZ
2009,24.189,Algeria,DZ
2008,23.735,Algeria,DZ
2007,22.873,Algeria,DZ
2006,21.998,Algeria,DZ
2005,21.136,Algeria,DZ
2004,20.337,Algeria,DZ
2003,19.614,Algeria,DZ
2002,19.096,Algeria,DZ
2001,19.405,Algeria,DZ
2000,19.574,Algeria,DZ
1999,19.453,Algeria,DZ
1998,19.603,Algeria,DZ
1997,20.738,Algeria,DZ
1996,22.352,Algeria,DZ
1995,24.56,Algeria,DZ
1994,27.29,Algeria,DZ
1993,28.138,Algeria,DZ
1992,29.296,Algeria,DZ
1991,29.487,Algeria,DZ
1990,29.931,Algeria,DZ
