ano,valor,pais,codigo_pais
2024,,Andorra,AD
2023,6.859,Andorra,AD
2022,6.85,Andorra,AD
2021,6.828,Andorra,AD
2020,6.831,Andorra,AD
2019,6.993,Andorra,AD
2018,7.159,Andorra,AD
2017,7.831,Andorra,AD
2016,8.432,Andorra,AD
2015,9.132,Andorra,AD
2014,8.973,Andorra,AD
2013,9.03,Andorra,AD
2012,10.172,Andorra,AD
2011,10.469,Andorra,AD
2010,10.742,Andorra,AD
2009,10.101,Andorra,AD
2008,10.46,Andorra,AD
2007,10.04,Andorra,AD
2006,10.498,Andorra,AD
2005,10.502,Andorra,AD
2004,10.253,Andorra,AD
2003,9.537,Andorra,AD
2002,10.728,Andorra,AD
2001,11.405,Andorra,AD
2000,11.54,Andorra,AD
1999,13.197,Andorra,AD
1998,13.027,Andorra,AD
1997,12.866,Andorra,AD
1996,12.721,Andorra,AD
1995,12.83,Andorra,AD
1994,12.863,Andorra,AD
1993,12.694,Andorra,AD
1992,12.94,Andorra,AD
1991,12.317,Andorra,AD
1990,12.34,Andorra,AD
