ano,valor,pais,codigo_pais
2024,,Angola,AO
2023,37.588,Angola,AO
2022,38.102,Angola,AO
2021,38.67,Angola,AO
2020,39.127,Angola,AO
2019,39.539,Angola,AO
2018,40.057,Angola,AO
2017,40.595,Angola,AO
2016,41.183,Angola,AO
2015,41.847,Angola,AO
2014,42.503,Angola,AO
2013,43.065,Angola,AO
2012,43.61,Angola,AO
2011,44.136,Angola,AO
2010,44.661,Angola,AO
2009,45.175,Angola,AO
2008,45.507,Angola,AO
2007,45.838,Angola,AO
2006,46.123,Angola,AO
2005,46.342,Angola,AO
2004,46.46,Angola,AO
2003,46.551,Angola,AO
2002,46.666,Angola,AO
2001,46.771,Angola,AO
2000,46.853,Angola,AO
1999,46.997,Angola,AO
1998,47.206,Angola,AO
1997,47.564,Angola,AO
1996,47.979,Angola,AO
1995,48.38,Angola,AO
1994,48.733,Angola,AO
1993,49.087,Angola,AO
1992,49.53,Angola,AO
1991,50.042,Angola,AO
1990,50.318,Angola,AO
