ano,valor,pais,codigo_pais
2024,,Argentina,AR
2023,11.064,Argentina,AR
2022,10.926,Argentina,AR
2021,11.682,Argentina,AR
2020,11.799,Argentina,AR
2019,13.902,Argentina,AR
2018,15.332,Argentina,AR
2017,16.155,Argentina,AR
2016,16.789,Argentina,AR
2015,17.665,Argentina,AR
2014,18.019,Argentina,AR
2013,17.683,Argentina,AR
2012,17.48,Argentina,AR
2011,18.172,Argentina,AR
2010,18.314,Argentina,AR
2009,18.231,Argentina,AR
2008,18.462,Argentina,AR
2007,17.967,Argentina,AR
2006,18.161,Argentina,AR
2005,18.306,Argentina,AR
2004,18.295,Argentina,AR
2003,18.41,Argentina,AR
2002,18.702,Argentina,AR
2001,18.94,Argentina,AR
2000,19.328,Argentina,AR
1999,19.644,Argentina,AR
1998,19.707,Argentina,AR
1997,19.957,Argentina,AR
1996,20.422,Argentina,AR
1995,20.954,Argentina,AR
1994,21.414,Argentina,AR
1993,21.596,Argentina,AR
1992,21.726,Argentina,AR
1991,21.914,Argentina,AR
1990,22.078,Argentina,AR
