ano,valor,pais,codigo_pais
2024,,Armenia,AM
2023,12.3,Armenia,AM
2022,12.3,Armenia,AM
2021,12.4,Armenia,AM
2020,12.3,Armenia,AM
2019,12.2,Armenia,AM
2018,12.3,Armenia,AM
2017,12.6,Armenia,AM
2016,13.5,Armenia,AM
2015,13.9,Armenia,AM
2014,14.3,Armenia,AM
2013,13.8,Armenia,AM
2012,14.0,Armenia,AM
2011,14.3,Armenia,AM
2010,14.7,Armenia,AM
2009,14.5,Armenia,AM
2008,13.3,Armenia,AM
2007,12.9,Armenia,AM
2006,12.0,Armenia,AM
2005,11.9,Armenia,AM
2004,11.8,Armenia,AM
2003,11.3,Armenia,AM
2002,10.1,Armenia,AM
2001,10.0,Armenia,AM
2000,10.6,Armenia,AM
1999,11.439,Armenia,AM
1998,12.605,Armenia,AM
1997,13.224,Armenia,AM
1996,14.49,Armenia,AM
1995,14.801,Armenia,AM
1994,15.791,Armenia,AM
1993,18.304,Armenia,AM
1992,21.995,Armenia,AM
1991,23.281,Armenia,AM
1990,24.585,Armenia,AM
