ano,valor,pais,codigo_pais
2024,,Aruba,AW
2023,7.973,Aruba,AW
2022,8.527,Aruba,AW
2021,9.461,Aruba,AW
2020,9.688,Aruba,AW
2019,10.842,Aruba,AW
2018,10.807,Aruba,AW
2017,11.477,Aruba,AW
2016,11.625,Aruba,AW
2015,11.556,Aruba,AW
2014,12.864,Aruba,AW
2013,12.548,Aruba,AW
2012,12.592,Aruba,AW
2011,12.175,Aruba,AW
2010,11.941,Aruba,AW
2009,12.332,Aruba,AW
2008,13.07,Aruba,AW
2007,13.38,Aruba,AW
2006,13.681,Aruba,AW
2005,12.936,Aruba,AW
2004,12.54,Aruba,AW
2003,13.358,Aruba,AW
2002,13.337,Aruba,AW
2001,13.813,Aruba,AW
2000,14.26,Aruba,AW
1999,13.953,Aruba,AW
1998,14.867,Aruba,AW
1997,16.883,Aruba,AW
1996,17.49,Aruba,AW
1995,17.781,Aruba,AW
1994,16.947,Aruba,AW
1993,18.145,Aruba,AW
1992,18.723,Aruba,AW
1991,17.545,Aruba,AW
1990,18.167,Aruba,AW
