ano,valor,pais,codigo_pais
2024,,Austria,AT
2023,8.5,Austria,AT
2022,9.1,Austria,AT
2021,9.6,Austria,AT
2020,9.4,Austria,AT
2019,9.6,Austria,AT
2018,9.7,Austria,AT
2017,10.0,Austria,AT
2016,10.0,Austria,AT
2015,9.8,Austria,AT
2014,9.6,Austria,AT
2013,9.4,Austria,AT
2012,9.4,Austria,AT
2011,9.3,Austria,AT
2010,9.4,Austria,AT
2009,9.2,Austria,AT
2008,9.3,Austria,AT
2007,9.2,Austria,AT
2006,9.4,Austria,AT
2005,9.5,Austria,AT
2004,9.7,Austria,AT
2003,9.5,Austria,AT
2002,9.7,Austria,AT
2001,9.4,Austria,AT
2000,9.8,Austria,AT
1999,9.8,Austria,AT
1998,10.2,Austria,AT
1997,10.5,Austria,AT
1996,11.2,Austria,AT
1995,11.2,Austria,AT
1994,11.6,Austria,AT
1993,12.0,Austria,AT
1992,12.2,Austria,AT
1991,12.2,Austria,AT
1990,11.8,Austria,AT
