ano,valor,pais,codigo_pais
2024,,Australia,AU
2023,10.8,Australia,AU
2022,11.6,Australia,AU
2021,12.1,Australia,AU
2020,11.5,Australia,AU
2019,12.1,Australia,AU
2018,12.6,Australia,AU
2017,12.6,Australia,AU
2016,12.9,Australia,AU
2015,12.9,Australia,AU
2014,13.2,Australia,AU
2013,13.3,Australia,AU
2012,13.7,Australia,AU
2011,13.6,Australia,AU
2010,13.7,Australia,AU
2009,13.9,Australia,AU
2008,14.0,Australia,AU
2007,14.1,Australia,AU
2006,12.9,Australia,AU
2005,12.8,Australia,AU
2004,12.3,Australia,AU
2003,12.6,Australia,AU
2002,12.8,Australia,AU
2001,12.7,Australia,AU
2000,13.0,Australia,AU
1999,13.1,Australia,AU
1998,13.3,Australia,AU
1997,13.6,Australia,AU
1996,13.9,Australia,AU
1995,14.2,Australia,AU
1994,14.5,Australia,AU
1993,14.7,Australia,AU
1992,15.1,Australia,AU
1991,14.9,Australia,AU
1990,15.4,Australia,AU
