ano,valor,pais,codigo_pais
2024,,Azerbaijan,AZ
2023,11.1,Azerbaijan,AZ
2022,12.1,Azerbaijan,AZ
2021,11.1,Azerbaijan,AZ
2020,12.5,Azerbaijan,AZ
2019,14.1,Azerbaijan,AZ
2018,14.0,Azerbaijan,AZ
2017,14.6,Azerbaijan,AZ
2016,16.3,Azerbaijan,AZ
2015,17.2,Azerbaijan,AZ
2014,17.9,Azerbaijan,AZ
2013,18.3,Azerbaijan,AZ
2012,18.8,Azerbaijan,AZ
2011,19.2,Azerbaijan,AZ
2010,18.3,Azerbaijan,AZ
2009,17.0,Azerbaijan,AZ
2008,17.4,Azerbaijan,AZ
2007,17.7,Azerbaijan,AZ
2006,17.6,Azerbaijan,AZ
2005,16.9,Azerbaijan,AZ
2004,15.8,Azerbaijan,AZ
2003,13.8,Azerbaijan,AZ
2002,13.5,Azerbaijan,AZ
2001,13.6,Azerbaijan,AZ
2000,14.5,Azerbaijan,AZ
1999,14.7,Azerbaijan,AZ
1998,15.7,Azerbaijan,AZ
1997,16.8,Azerbaijan,AZ
1996,16.6,Azerbaijan,AZ
1995,18.9,Azerbaijan,AZ
1994,21.4,Azerbaijan,AZ
1993,23.7,Azerbaijan,AZ
1992,25.2,Azerbaijan,AZ
1991,26.6,Azerbaijan,AZ
1990,25.9,Azerbaijan,AZ
