ano,valor,pais,codigo_pais
2024,,"Bahamas, The",BS
2023,10.852,"Bahamas, The",BS
2022,10.942,"Bahamas, The",BS
2021,11.023,"Bahamas, The",BS
2020,11.115,"Bahamas, The",BS
2019,11.195,"Bahamas, The",BS
2018,11.263,"Bahamas, The",BS
2017,11.421,"Bahamas, The",BS
2016,11.983,"Bahamas, The",BS
2015,12.607,"Bahamas, The",BS
2014,13.503,"Bahamas, The",BS
2013,13.902,"Bahamas, The",BS
2012,14.075,"Bahamas, The",BS
2011,14.273,"Bahamas, The",BS
2010,14.565,"Bahamas, The",BS
2009,15.918,"Bahamas, The",BS
2008,15.831,"Bahamas, The",BS
2007,16.125,"Bahamas, The",BS
2006,16.028,"Bahamas, The",BS
2005,16.086,"Bahamas, The",BS
2004,15.967,"Bahamas, The",BS
2003,16.024,"Bahamas, The",BS
2002,16.299,"Bahamas, The",BS
2001,16.787,"Bahamas, The",BS
2000,17.254,"Bahamas, The",BS
1999,18.061,"Bahamas, The",BS
1998,19.076,"Bahamas, The",BS
1997,19.768,"Bahamas, The",BS
1996,20.44,"Bahamas, The",BS
1995,21.147,"Bahamas, The",BS
1994,21.711,"Bahamas, The",BS
1993,23.007,"Bahamas, The",BS
1992,23.94,"Bahamas, The",BS
1991,22.175,"Bahamas, The",BS
1990,22.208,"Bahamas, The",BS
