ano,valor,pais,codigo_pais
2024,,Bahrain,BH
2023,12.46,Bahrain,BH
2022,13.282,Bahrain,BH
2021,13.042,Bahrain,BH
2020,12.813,Bahrain,BH
2019,13.318,Bahrain,BH
2018,13.641,Bahrain,BH
2017,14.071,Bahrain,BH
2016,14.623,Bahrain,BH
2015,15.36,Bahrain,BH
2014,15.625,Bahrain,BH
2013,15.585,Bahrain,BH
2012,15.438,Bahrain,BH
2011,15.441,Bahrain,BH
2010,15.486,Bahrain,BH
2009,15.462,Bahrain,BH
2008,16.186,Bahrain,BH
2007,16.962,Bahrain,BH
2006,18.079,Bahrain,BH
2005,19.354,Bahrain,BH
2004,19.86,Bahrain,BH
2003,19.692,Bahrain,BH
2002,19.147,Bahrain,BH
2001,19.082,Bahrain,BH
2000,20.431,Bahrain,BH
1999,21.054,Bahrain,BH
1998,20.885,Bahrain,BH
1997,21.026,Bahrain,BH
1996,21.332,Bahrain,BH
1995,22.27,Bahrain,BH
1994,23.411,Bahrain,BH
1993,24.743,Bahrain,BH
1992,25.467,Bahrain,BH
1991,25.951,Bahrain,BH
1990,27.14,Bahrain,BH
