ano,valor,pais,codigo_pais
2024,,Bangladesh,BD
2023,20.353,Bangladesh,BD
2022,20.583,Bangladesh,BD
2021,20.414,Bangladesh,BD
2020,20.289,Bangladesh,BD
2019,20.131,Bangladesh,BD
2018,20.069,Bangladesh,BD
2017,19.991,Bangladesh,BD
2016,20.226,Bangladesh,BD
2015,20.254,Bangladesh,BD
2014,20.298,Bangladesh,BD
2013,20.55,Bangladesh,BD
2012,20.709,Bangladesh,BD
2011,21.114,Bangladesh,BD
2010,21.874,Bangladesh,BD
2009,22.829,Bangladesh,BD
2008,23.685,Bangladesh,BD
2007,24.526,Bangladesh,BD
2006,25.252,Bangladesh,BD
2005,26.055,Bangladesh,BD
2004,26.994,Bangladesh,BD
2003,27.745,Bangladesh,BD
2002,28.526,Bangladesh,BD
2001,29.174,Bangladesh,BD
2000,29.589,Bangladesh,BD
1999,29.865,Bangladesh,BD
1998,30.183,Bangladesh,BD
1997,30.377,Bangladesh,BD
1996,30.031,Bangladesh,BD
1995,30.355,Bangladesh,BD
1994,31.084,Bangladesh,BD
1993,31.405,Bangladesh,BD
1992,32.404,Bangladesh,BD
1991,33.635,Bangladesh,BD
1990,35.141,Bangladesh,BD
