ano,valor,pais,codigo_pais
2024,,Barbados,BB
2023,11.173,Barbados,BB
2022,11.249,Barbados,BB
2021,11.287,Barbados,BB
2020,11.334,Barbados,BB
2019,11.446,Barbados,BB
2018,11.539,Barbados,BB
2017,11.628,Barbados,BB
2016,11.706,Barbados,BB
2015,11.798,Barbados,BB
2014,11.905,Barbados,BB
2013,12.029,Barbados,BB
2012,12.153,Barbados,BB
2011,12.46,Barbados,BB
2010,12.768,Barbados,BB
2009,12.756,Barbados,BB
2008,12.756,Barbados,BB
2007,12.85,Barbados,BB
2006,12.553,Barbados,BB
2005,12.913,Barbados,BB
2004,13.472,Barbados,BB
2003,14.044,Barbados,BB
2002,14.219,Barbados,BB
2001,15.053,Barbados,BB
2000,15.147,Barbados,BB
1999,14.142,Barbados,BB
1998,13.097,Barbados,BB
1997,13.527,Barbados,BB
1996,13.991,Barbados,BB
1995,14.485,Barbados,BB
1994,14.957,Barbados,BB
1993,15.469,Barbados,BB
1992,15.959,Barbados,BB
1991,16.426,Barbados,BB
1990,16.573,Barbados,BB
