ano,valor,pais,codigo_pais
2024,,Belarus,BY
2023,7.136,Belarus,BY
2022,8.062,Belarus,BY
2021,8.624,Belarus,BY
2020,8.886,Belarus,BY
2019,9.3,Belarus,BY
2018,9.9,Belarus,BY
2017,10.8,Belarus,BY
2016,12.4,Belarus,BY
2015,12.5,Belarus,BY
2014,12.5,Belarus,BY
2013,12.5,Belarus,BY
2012,12.2,Belarus,BY
2011,11.5,Belarus,BY
2010,11.4,Belarus,BY
2009,11.4,Belarus,BY
2008,11.1,Belarus,BY
2007,10.7,Belarus,BY
2006,9.9,Belarus,BY
2005,9.3,Belarus,BY
2004,9.1,Belarus,BY
2003,9.0,Belarus,BY
2002,8.9,Belarus,BY
2001,9.2,Belarus,BY
2000,9.4,Belarus,BY
1999,9.3,Belarus,BY
1998,9.2,Belarus,BY
1997,8.9,Belarus,BY
1996,9.4,Belarus,BY
1995,9.9,Belarus,BY
1994,10.8,Belarus,BY
1993,11.5,Belarus,BY
1992,12.5,Belarus,BY
1991,13.0,Belarus,BY
1990,14.0,Belarus,BY
