ano,valor,pais,codigo_pais
2024,,Belize,BZ
2023,18.025,Belize,BZ
2022,17.391,Belize,BZ
2021,16.539,Belize,BZ
2020,18.353,Belize,BZ
2019,19.335,Belize,BZ
2018,21.144,Belize,BZ
2017,21.286,Belize,BZ
2016,21.374,Belize,BZ
2015,21.698,Belize,BZ
2014,21.972,Belize,BZ
2013,22.055,Belize,BZ
2012,22.002,Belize,BZ
2011,22.011,Belize,BZ
2010,21.974,Belize,BZ
2009,22.749,Belize,BZ
2008,23.683,Belize,BZ
2007,24.448,Belize,BZ
2006,25.52,Belize,BZ
2005,26.722,Belize,BZ
2004,27.272,Belize,BZ
2003,27.92,Belize,BZ
2002,28.691,Belize,BZ
2001,29.412,Belize,BZ
2000,30.213,Belize,BZ
1999,30.873,Belize,BZ
1998,30.937,Belize,BZ
1997,30.604,Belize,BZ
1996,30.665,Belize,BZ
1995,31.463,Belize,BZ
1994,31.926,Belize,BZ
1993,33.445,Belize,BZ
1992,34.841,Belize,BZ
1991,36.011,Belize,BZ
1990,37.188,Belize,BZ
