ano,valor,pais,codigo_pais
2024,,Benin,BJ
2023,33.879,Benin,BJ
2022,34.35,Benin,BJ
2021,34.779,Benin,BJ
2020,35.331,Benin,BJ
2019,36.036,Benin,BJ
2018,36.955,Benin,BJ
2017,37.84,Benin,BJ
2016,38.554,Benin,BJ
2015,38.996,Benin,BJ
2014,39.342,Benin,BJ
2013,39.582,Benin,BJ
2012,39.706,Benin,BJ
2011,39.691,Benin,BJ
2010,39.77,Benin,BJ
2009,39.982,Benin,BJ
2008,40.371,Benin,BJ
2007,40.961,Benin,BJ
2006,41.341,Benin,BJ
2005,41.087,Benin,BJ
2004,41.329,Benin,BJ
2003,41.475,Benin,BJ
2002,41.48,Benin,BJ
2001,41.695,Benin,BJ
2000,42.079,Benin,BJ
1999,42.548,Benin,BJ
1998,43.007,Benin,BJ
1997,43.381,Benin,BJ
1996,43.738,Benin,BJ
1995,44.35,Benin,BJ
1994,45.699,Benin,BJ
1993,44.07,Benin,BJ
1992,44.924,Benin,BJ
1991,45.361,Benin,BJ
1990,45.713,Benin,BJ
