ano,valor,pais,codigo_pais
2024,,Bermuda,BM
2023,8.046,Bermuda,BM
2022,8.183,Bermuda,BM
2021,8.21,Bermuda,BM
2020,8.678,Bermuda,BM
2019,8.375,Bermuda,BM
2018,8.407,Bermuda,BM
2017,8.81,Bermuda,BM
2016,9.171,Bermuda,BM
2015,9.055,Bermuda,BM
2014,8.844,Bermuda,BM
2013,9.393,Bermuda,BM
2012,9.632,Bermuda,BM
2011,10.082,Bermuda,BM
2010,11.579,Bermuda,BM
2009,11.768,Bermuda,BM
2008,11.469,Bermuda,BM
2007,11.608,Bermuda,BM
2006,11.128,Bermuda,BM
2005,11.379,Bermuda,BM
2004,11.583,Bermuda,BM
2003,12.096,Bermuda,BM
2002,12.635,Bermuda,BM
2001,13.356,Bermuda,BM
2000,12.86,Bermuda,BM
1999,13.189,Bermuda,BM
1998,13.156,Bermuda,BM
1997,12.396,Bermuda,BM
1996,12.853,Bermuda,BM
1995,13.102,Bermuda,BM
1994,13.533,Bermuda,BM
1993,14.044,Bermuda,BM
1992,14.627,Bermuda,BM
1991,15.184,Bermuda,BM
1990,14.64,Bermuda,BM
