ano,valor,pais,codigo_pais
2024,,Bolivia,BO
2023,21.247,Bolivia,BO
2022,21.566,Bolivia,BO
2021,21.808,Bolivia,BO
2020,21.996,Bolivia,BO
2019,22.257,Bolivia,BO
2018,22.574,Bolivia,BO
2017,22.911,Bolivia,BO
2016,23.272,Bolivia,BO
2015,23.653,Bolivia,BO
2014,24.041,Bolivia,BO
2013,24.437,Bolivia,BO
2012,24.83,Bolivia,BO
2011,25.221,Bolivia,BO
2010,25.619,Bolivia,BO
2009,26.017,Bolivia,BO
2008,26.441,Bolivia,BO
2007,26.874,Bolivia,BO
2006,27.342,Bolivia,BO
2005,27.332,Bolivia,BO
2004,27.689,Bolivia,BO
2003,28.135,Bolivia,BO
2002,28.53,Bolivia,BO
2001,29.12,Bolivia,BO
2000,29.846,Bolivia,BO
1999,30.572,Bolivia,BO
1998,30.966,Bolivia,BO
1997,31.449,Bolivia,BO
1996,32.267,Bolivia,BO
1995,32.758,Bolivia,BO
1994,33.4,Bolivia,BO
1993,34.083,Bolivia,BO
1992,34.822,Bolivia,BO
1991,35.69,Bolivia,BO
1990,36.066,Bolivia,BO
