ano,valor,pais,codigo_pais
2024,,Botswana,BW
2023,24.713,Botswana,BW
2022,25.253,Botswana,BW
2021,25.422,Botswana,BW
2020,25.532,Botswana,BW
2019,25.751,Botswana,BW
2018,25.897,Botswana,BW
2017,26.073,Botswana,BW
2016,26.254,Botswana,BW
2015,26.475,Botswana,BW
2014,26.795,Botswana,BW
2013,27.183,Botswana,BW
2012,27.742,Botswana,BW
2011,28.038,Botswana,BW
2010,28.365,Botswana,BW
2009,28.396,Botswana,BW
2008,28.396,Botswana,BW
2007,28.335,Botswana,BW
2006,28.141,Botswana,BW
2005,27.706,Botswana,BW
2004,27.309,Botswana,BW
2003,27.393,Botswana,BW
2002,27.647,Botswana,BW
2001,27.907,Botswana,BW
2000,27.936,Botswana,BW
1999,27.731,Botswana,BW
1998,27.747,Botswana,BW
1997,27.91,Botswana,BW
1996,28.613,Botswana,BW
1995,29.894,Botswana,BW
1994,31.27,Botswana,BW
1993,31.915,Botswana,BW
1992,32.353,Botswana,BW
1991,32.834,Botswana,BW
1990,33.623,Botswana,BW
