ano,valor,pais,codigo_pais
2024,,Brazil,BR
2023,12.322,Brazil,BR
2022,12.555,Brazil,BR
2021,12.754,Brazil,BR
2020,12.995,Brazil,BR
2019,13.548,Brazil,BR
2018,14.022,Brazil,BR
2017,14.123,Brazil,BR
2016,14.146,Brazil,BR
2015,14.684,Brazil,BR
2014,14.784,Brazil,BR
2013,14.785,Brazil,BR
2012,14.935,Brazil,BR
2011,15.141,Brazil,BR
2010,15.338,Brazil,BR
2009,15.564,Brazil,BR
2008,15.801,Brazil,BR
2007,16.243,Brazil,BR
2006,16.691,Brazil,BR
2005,17.176,Brazil,BR
2004,17.5,Brazil,BR
2003,17.819,Brazil,BR
2002,18.49,Brazil,BR
2001,19.185,Brazil,BR
2000,19.879,Brazil,BR
1999,20.581,Brazil,BR
1998,21.221,Brazil,BR
1997,21.584,Brazil,BR
1996,21.872,Brazil,BR
1995,22.283,Brazil,BR
1994,22.525,Brazil,BR
1993,22.95,Brazil,BR
1992,23.302,Brazil,BR
1991,24.056,Brazil,BR
1990,24.765,Brazil,BR
