ano,valor,pais,codigo_pais
2024,,Burundi,BI
2023,33.667,Burundi,BI
2022,34.306,Burundi,BI
2021,35.06,Burundi,BI
2020,35.855,Burundi,BI
2019,36.579,Burundi,BI
2018,37.215,Burundi,BI
2017,38.618,Burundi,BI
2016,40.096,Burundi,BI
2015,42.257,Burundi,BI
2014,42.901,Burundi,BI
2013,43.899,Burundi,BI
2012,44.758,Burundi,BI
2011,45.978,Burundi,BI
2010,46.963,Burundi,BI
2009,46.489,Burundi,BI
2008,46.656,Burundi,BI
2007,46.726,Burundi,BI
2006,46.575,Burundi,BI
2005,46.154,Burundi,BI
2004,45.29,Burundi,BI
2003,44.528,Burundi,BI
2002,44.042,Burundi,BI
2001,43.035,Burundi,BI
2000,42.726,Burundi,BI
1999,42.211,Burundi,BI
1998,41.389,Burundi,BI
1997,42.237,Burundi,BI
1996,44.757,Burundi,BI
1995,44.965,Burundi,BI
1994,37.461,Burundi,BI
1993,48.909,Burundi,BI
1992,45.686,Burundi,BI
1991,46.481,Burundi,BI
1990,46.911,Burundi,BI
