ano,valor,pais,codigo_pais
2024,,Cameroon,CM
2023,33.743,Cameroon,CM
2022,34.268,Cameroon,CM
2021,34.778,Cameroon,CM
2020,35.438,Cameroon,CM
2019,36.183,Cameroon,CM
2018,36.899,Cameroon,CM
2017,37.516,Cameroon,CM
2016,37.775,Cameroon,CM
2015,37.719,Cameroon,CM
2014,37.548,Cameroon,CM
2013,38.076,Cameroon,CM
2012,38.651,Cameroon,CM
2011,39.217,Cameroon,CM
2010,39.837,Cameroon,CM
2009,40.359,Cameroon,CM
2008,40.665,Cameroon,CM
2007,40.897,Cameroon,CM
2006,41.115,Cameroon,CM
2005,41.319,Cameroon,CM
2004,41.275,Cameroon,CM
2003,41.074,Cameroon,CM
2002,40.8,Cameroon,CM
2001,40.669,Cameroon,CM
2000,40.878,Cameroon,CM
1999,41.098,Cameroon,CM
1998,40.993,Cameroon,CM
1997,40.935,Cameroon,CM
1996,41.196,Cameroon,CM
1995,41.734,Cameroon,CM
1994,42.247,Cameroon,CM
1993,42.664,Cameroon,CM
1992,43.082,Cameroon,CM
1991,43.468,Cameroon,CM
1990,43.643,Cameroon,CM
