ano,valor,pais,codigo_pais
2024,,Canada,CA
2023,8.8,Canada,CA
2022,9.0,Canada,CA
2021,9.7,Canada,CA
2020,9.5,Canada,CA
2019,9.9,Canada,CA
2018,10.1,Canada,CA
2017,10.3,Canada,CA
2016,10.6,Canada,CA
2015,10.7,Canada,CA
2014,10.9,Canada,CA
2013,10.9,Canada,CA
2012,11.0,Canada,CA
2011,11.0,Canada,CA
2010,11.2,Canada,CA
2009,11.4,Canada,CA
2008,11.5,Canada,CA
2007,11.3,Canada,CA
2006,11.0,Canada,CA
2005,10.7,Canada,CA
2004,10.6,Canada,CA
2003,10.6,Canada,CA
2002,10.5,Canada,CA
2001,10.8,Canada,CA
2000,10.7,Canada,CA
1999,11.1,Canada,CA
1998,11.4,Canada,CA
1997,11.7,Canada,CA
1996,12.4,Canada,CA
1995,12.9,Canada,CA
1994,13.3,Canada,CA
1993,13.6,Canada,CA
1992,14.1,Canada,CA
1991,14.4,Canada,CA
1990,15.0,Canada,CA
