ano,valor,pais,codigo_pais
2024,,Chile,CL
2023,8.963,Chile,CL
2022,9.672,Chile,CL
2021,9.07,Chile,CL
2020,10.097,Chile,CL
2019,10.94,Chile,CL
2018,11.698,Chile,CL
2017,11.763,Chile,CL
2016,12.685,Chile,CL
2015,13.147,Chile,CL
2014,13.473,Chile,CL
2013,13.622,Chile,CL
2012,13.776,Chile,CL
2011,14.017,Chile,CL
2010,14.23,Chile,CL
2009,14.363,Chile,CL
2008,14.353,Chile,CL
2007,14.194,Chile,CL
2006,13.995,Chile,CL
2005,14.23,Chile,CL
2004,14.415,Chile,CL
2003,14.789,Chile,CL
2002,15.249,Chile,CL
2001,15.914,Chile,CL
2000,16.322,Chile,CL
1999,16.655,Chile,CL
1998,17.372,Chile,CL
1997,17.942,Chile,CL
1996,18.753,Chile,CL
1995,19.473,Chile,CL
1994,19.823,Chile,CL
1993,20.413,Chile,CL
1992,20.966,Chile,CL
1991,21.808,Chile,CL
1990,22.136,Chile,CL
