ano,valor,pais,codigo_pais
2024,,China,CN
2023,6.39,China,CN
2022,6.77,China,CN
2021,7.52,China,CN
2020,8.52,China,CN
2019,10.41,China,CN
2018,10.86,China,CN
2017,12.64,China,CN
2016,13.57,China,CN
2015,11.99,China,CN
2014,13.83,China,CN
2013,13.03,China,CN
2012,14.57,China,CN
2011,13.27,China,CN
2010,11.9,China,CN
2009,11.95,China,CN
2008,12.14,China,CN
2007,12.1,China,CN
2006,12.09,China,CN
2005,12.4,China,CN
2004,12.29,China,CN
2003,12.41,China,CN
2002,12.86,China,CN
2001,13.38,China,CN
2000,14.03,China,CN
1999,14.64,China,CN
1998,15.64,China,CN
1997,16.57,China,CN
1996,16.98,China,CN
1995,17.12,China,CN
1994,17.7,China,CN
1993,18.09,China,CN
1992,18.27,China,CN
1991,19.68,China,CN
1990,21.06,China,CN
