ano,valor,pais,codigo_pais
2024,,Colombia,CO
2023,13.475,Colombia,CO
2022,13.731,Colombia,CO
2021,13.947,Colombia,CO
2020,14.106,Colombia,CO
2019,14.218,Colombia,CO
2018,14.195,Colombia,CO
2017,14.177,Colombia,CO
2016,14.271,Colombia,CO
2015,14.764,Colombia,CO
2014,15.258,Colombia,CO
2013,15.63,Colombia,CO
2012,15.986,Colombia,CO
2011,16.321,Colombia,CO
2010,16.93,Colombia,CO
2009,17.656,Colombia,CO
2008,18.191,Colombia,CO
2007,18.552,Colombia,CO
2006,18.965,Colombia,CO
2005,19.579,Colombia,CO
2004,20.278,Colombia,CO
2003,20.928,Colombia,CO
2002,21.352,Colombia,CO
2001,21.722,Colombia,CO
2000,22.258,Colombia,CO
1999,22.886,Colombia,CO
1998,23.629,Colombia,CO
1997,23.964,Colombia,CO
1996,24.305,Colombia,CO
1995,25.107,Colombia,CO
1994,25.979,Colombia,CO
1993,26.486,Colombia,CO
1992,26.628,Colombia,CO
1991,26.755,Colombia,CO
1990,26.899,Colombia,CO
