ano,valor,pais,codigo_pais
2024,,Comoros,KM
2023,28.653,Comoros,KM
2022,29.062,Comoros,KM
2021,29.498,Comoros,KM
2020,29.985,Comoros,KM
2019,30.447,Comoros,KM
2018,30.91,Comoros,KM
2017,31.35,Comoros,KM
2016,32.093,Comoros,KM
2015,32.78,Comoros,KM
2014,33.322,Comoros,KM
2013,33.856,Comoros,KM
2012,34.241,Comoros,KM
2011,34.512,Comoros,KM
2010,34.437,Comoros,KM
2009,34.279,Comoros,KM
2008,34.099,Comoros,KM
2007,34.137,Comoros,KM
2006,34.3,Comoros,KM
2005,34.445,Comoros,KM
2004,34.333,Comoros,KM
2003,34.459,Comoros,KM
2002,34.744,Comoros,KM
2001,35.089,Comoros,KM
2000,35.359,Comoros,KM
1999,35.731,Comoros,KM
1998,36.417,Comoros,KM
1997,37.252,Comoros,KM
1996,38.124,Comoros,KM
1995,38.854,Comoros,KM
1994,39.747,Comoros,KM
1993,41.008,Comoros,KM
1992,42.291,Comoros,KM
1991,43.012,Comoros,KM
1990,43.716,Comoros,KM
