ano,valor,pais,codigo_pais
2024,,"Congo, Dem. Rep.",CD
2023,41.305,"Congo, Dem. Rep.",CD
2022,41.623,"Congo, Dem. Rep.",CD
2021,41.937,"Congo, Dem. Rep.",CD
2020,42.19,"Congo, Dem. Rep.",CD
2019,42.549,"Congo, Dem. Rep.",CD
2018,42.887,"Congo, Dem. Rep.",CD
2017,42.976,"Congo, Dem. Rep.",CD
2016,42.875,"Congo, Dem. Rep.",CD
2015,43.236,"Congo, Dem. Rep.",CD
2014,43.505,"Congo, Dem. Rep.",CD
2013,43.69,"Congo, Dem. Rep.",CD
2012,43.95,"Congo, Dem. Rep.",CD
2011,43.981,"Congo, Dem. Rep.",CD
2010,43.92,"Congo, Dem. Rep.",CD
2009,44.032,"Congo, Dem. Rep.",CD
2008,44.011,"Congo, Dem. Rep.",CD
2007,43.961,"Congo, Dem. Rep.",CD
2006,43.973,"Congo, Dem. Rep.",CD
2005,43.728,"Congo, Dem. Rep.",CD
2004,43.781,"Congo, Dem. Rep.",CD
2003,44.155,"Congo, Dem. Rep.",CD
2002,44.559,"Congo, Dem. Rep.",CD
2001,44.977,"Congo, Dem. Rep.",CD
2000,45.298,"Congo, Dem. Rep.",CD
1999,45.228,"Congo, Dem. Rep.",CD
1998,44.939,"Congo, Dem. Rep.",CD
1997,45.986,"Congo, Dem. Rep.",CD
1996,46.999,"Congo, Dem. Rep.",CD
1995,47.204,"Congo, Dem. Rep.",CD
1994,45.341,"Congo, Dem. Rep.",CD
1993,45.881,"Congo, Dem. Rep.",CD
1992,45.713,"Congo, Dem. Rep.",CD
1991,45.99,"Congo, Dem. Rep.",CD
1990,45.85,"Congo, Dem. Rep.",CD
