ano,valor,pais,codigo_pais
2024,,"Congo, Rep.",CG
2023,30.627,"Congo, Rep.",CG
2022,30.941,"Congo, Rep.",CG
2021,31.377,"Congo, Rep.",CG
2020,31.741,"Congo, Rep.",CG
2019,32.183,"Congo, Rep.",CG
2018,32.784,"Congo, Rep.",CG
2017,33.413,"Congo, Rep.",CG
2016,34.093,"Congo, Rep.",CG
2015,34.932,"Congo, Rep.",CG
2014,35.819,"Congo, Rep.",CG
2013,36.824,"Congo, Rep.",CG
2012,37.82,"Congo, Rep.",CG
2011,38.403,"Congo, Rep.",CG
2010,38.911,"Congo, Rep.",CG
2009,38.009,"Congo, Rep.",CG
2008,38.0,"Congo, Rep.",CG
2007,37.217,"Congo, Rep.",CG
2006,37.097,"Congo, Rep.",CG
2005,37.033,"Congo, Rep.",CG
2004,37.113,"Congo, Rep.",CG
2003,36.955,"Congo, Rep.",CG
2002,37.316,"Congo, Rep.",CG
2001,37.087,"Congo, Rep.",CG
2000,36.164,"Congo, Rep.",CG
1999,37.049,"Congo, Rep.",CG
1998,37.521,"Congo, Rep.",CG
1997,38.367,"Congo, Rep.",CG
1996,38.362,"Congo, Rep.",CG
1995,38.459,"Congo, Rep.",CG
1994,38.64,"Congo, Rep.",CG
1993,38.558,"Congo, Rep.",CG
1992,38.724,"Congo, Rep.",CG
1991,38.788,"Congo, Rep.",CG
1990,38.913,"Congo, Rep.",CG
