ano,valor,pais,codigo_pais
2024,,Cote d'Ivoire,CI
2023,31.99,Cote d'Ivoire,CI
2022,32.5,Cote d'Ivoire,CI
2021,33.081,Cote d'Ivoire,CI
2020,33.651,Cote d'Ivoire,CI
2019,34.306,Cote d'Ivoire,CI
2018,35.081,Cote d'Ivoire,CI
2017,36.58,Cote d'Ivoire,CI
2016,37.742,Cote d'Ivoire,CI
2015,38.768,Cote d'Ivoire,CI
2014,39.841,Cote d'Ivoire,CI
2013,40.451,Cote d'Ivoire,CI
2012,40.688,Cote d'Ivoire,CI
2011,40.846,Cote d'Ivoire,CI
2010,40.936,Cote d'Ivoire,CI
2009,40.745,Cote d'Ivoire,CI
2008,40.474,Cote d'Ivoire,CI
2007,40.961,Cote d'Ivoire,CI
2006,41.441,Cote d'Ivoire,CI
2005,41.927,Cote d'Ivoire,CI
2004,42.276,Cote d'Ivoire,CI
2003,42.802,Cote d'Ivoire,CI
2002,43.4,Cote d'Ivoire,CI
2001,43.902,Cote d'Ivoire,CI
2000,44.278,Cote d'Ivoire,CI
1999,44.24,Cote d'Ivoire,CI
1998,44.183,Cote d'Ivoire,CI
1997,44.081,Cote d'Ivoire,CI
1996,43.969,Cote d'Ivoire,CI
1995,44.101,Cote d'Ivoire,CI
1994,44.169,Cote d'Ivoire,CI
1993,44.844,Cote d'Ivoire,CI
1992,45.559,Cote d'Ivoire,CI
1991,46.067,Cote d'Ivoire,CI
1990,46.487,Cote d'Ivoire,CI
