ano,valor,pais,codigo_pais
2024,,Cuba,CU
2023,8.706,Cuba,CU
2022,8.662,Cuba,CU
2021,8.814,Cuba,CU
2020,9.257,Cuba,CU
2019,9.668,Cuba,CU
2018,10.172,Cuba,CU
2017,10.115,Cuba,CU
2016,10.299,Cuba,CU
2015,10.938,Cuba,CU
2014,10.873,Cuba,CU
2013,11.156,Cuba,CU
2012,11.241,Cuba,CU
2011,11.771,Cuba,CU
2010,11.428,Cuba,CU
2009,11.536,Cuba,CU
2008,10.911,Cuba,CU
2007,10.021,Cuba,CU
2006,9.874,Cuba,CU
2005,10.619,Cuba,CU
2004,11.262,Cuba,CU
2003,12.114,Cuba,CU
2002,12.534,Cuba,CU
2001,12.424,Cuba,CU
2000,12.857,Cuba,CU
1999,13.475,Cuba,CU
1998,13.674,Cuba,CU
1997,13.793,Cuba,CU
1996,12.975,Cuba,CU
1995,13.488,Cuba,CU
1994,13.655,Cuba,CU
1993,14.134,Cuba,CU
1992,14.993,Cuba,CU
1991,16.071,Cuba,CU
1990,17.552,Cuba,CU
