ano,valor,pais,codigo_pais
2024,,Curacao,CW
2023,7.5,Curacao,CW
2022,8.2,Curacao,CW
2021,8.6,Curacao,CW
2020,8.7,Curacao,CW
2019,10.1,Curacao,CW
2018,10.5,Curacao,CW
2017,9.7,Curacao,CW
2016,11.2,Curacao,CW
2015,11.9,Curacao,CW
2014,12.6,Curacao,CW
2013,12.7,Curacao,CW
2012,13.4,Curacao,CW
2011,13.1,Curacao,CW
2010,13.6,Curacao,CW
2009,13.0,Curacao,CW
2008,13.8,Curacao,CW
2007,13.4,Curacao,CW
2006,13.6,Curacao,CW
2005,13.391,Curacao,CW
2004,13.791,Curacao,CW
2003,14.452,Curacao,CW
2002,15.248,Curacao,CW
2001,16.374,Curacao,CW
2000,16.479,Curacao,CW
1999,16.492,Curacao,CW
1998,17.103,Curacao,CW
1997,17.875,Curacao,CW
1996,18.57,Curacao,CW
1995,19.165,Curacao,CW
1994,19.71,Curacao,CW
1993,20.273,Curacao,CW
1992,20.803,Curacao,CW
1991,20.748,Curacao,CW
1990,20.552,Curacao,CW
