ano,valor,pais,codigo_pais
2024,,Cyprus,CY
2023,10.799,Cyprus,CY
2022,11.048,Cyprus,CY
2021,11.236,Cyprus,CY
2020,11.142,Cyprus,CY
2019,11.014,Cyprus,CY
2018,11.029,Cyprus,CY
2017,11.158,Cyprus,CY
2016,11.505,Cyprus,CY
2015,11.242,Cyprus,CY
2014,11.141,Cyprus,CY
2013,11.027,Cyprus,CY
2012,11.609,Cyprus,CY
2011,11.344,Cyprus,CY
2010,11.844,Cyprus,CY
2009,12.07,Cyprus,CY
2008,11.987,Cyprus,CY
2007,11.633,Cyprus,CY
2006,12.023,Cyprus,CY
2005,11.702,Cyprus,CY
2004,11.894,Cyprus,CY
2003,11.751,Cyprus,CY
2002,11.611,Cyprus,CY
2001,12.045,Cyprus,CY
2000,12.493,Cyprus,CY
1999,12.675,Cyprus,CY
1998,13.318,Cyprus,CY
1997,14.066,Cyprus,CY
1996,14.85,Cyprus,CY
1995,15.543,Cyprus,CY
1994,16.734,Cyprus,CY
1993,17.592,Cyprus,CY
1992,19.425,Cyprus,CY
1991,18.568,Cyprus,CY
1990,19.124,Cyprus,CY
