ano,valor,pais,codigo_pais
2024,,Czechia,CZ
2023,8.4,Czechia,CZ
2022,9.5,Czechia,CZ
2021,10.6,Czechia,CZ
2020,10.3,Czechia,CZ
2019,10.5,Czechia,CZ
2018,10.7,Czechia,CZ
2017,10.8,Czechia,CZ
2016,10.7,Czechia,CZ
2015,10.5,Czechia,CZ
2014,10.4,Czechia,CZ
2013,10.2,Czechia,CZ
2012,10.3,Czechia,CZ
2011,10.4,Czechia,CZ
2010,11.2,Czechia,CZ
2009,11.3,Czechia,CZ
2008,11.5,Czechia,CZ
2007,11.1,Czechia,CZ
2006,10.3,Czechia,CZ
2005,10.0,Czechia,CZ
2004,9.6,Czechia,CZ
2003,9.2,Czechia,CZ
2002,9.1,Czechia,CZ
2001,8.9,Czechia,CZ
2000,8.9,Czechia,CZ
1999,8.7,Czechia,CZ
1998,8.8,Czechia,CZ
1997,8.8,Czechia,CZ
1996,8.8,Czechia,CZ
1995,9.3,Czechia,CZ
1994,10.3,Czechia,CZ
1993,11.7,Czechia,CZ
1992,11.8,Czechia,CZ
1991,12.5,Czechia,CZ
1990,12.6,Czechia,CZ
