ano,valor,pais,codigo_pais
2024,,Denmark,DK
2023,9.7,Denmark,DK
2022,9.9,Denmark,DK
2021,10.8,Denmark,DK
2020,10.4,Denmark,DK
2019,10.5,Denmark,DK
2018,10.6,Denmark,DK
2017,10.6,Denmark,DK
2016,10.8,Denmark,DK
2015,10.2,Denmark,DK
2014,10.1,Denmark,DK
2013,10.0,Denmark,DK
2012,10.4,Denmark,DK
2011,10.6,Denmark,DK
2010,11.4,Denmark,DK
2009,11.4,Denmark,DK
2008,11.8,Denmark,DK
2007,11.7,Denmark,DK
2006,12.0,Denmark,DK
2005,11.9,Denmark,DK
2004,12.0,Denmark,DK
2003,12.0,Denmark,DK
2002,11.9,Denmark,DK
2001,12.2,Denmark,DK
2000,12.6,Denmark,DK
1999,12.4,Denmark,DK
1998,12.5,Denmark,DK
1997,12.8,Denmark,DK
1996,12.9,Denmark,DK
1995,13.3,Denmark,DK
1994,13.4,Denmark,DK
1993,13.0,Denmark,DK
1992,13.1,Denmark,DK
1991,12.5,Denmark,DK
1990,12.3,Denmark,DK
