ano,valor,pais,codigo_pais
2024,,Djibouti,DJ
2023,20.769,Djibouti,DJ
2022,21.032,Djibouti,DJ
2021,21.308,Djibouti,DJ
2020,21.578,Djibouti,DJ
2019,21.913,Djibouti,DJ
2018,22.313,Djibouti,DJ
2017,22.703,Djibouti,DJ
2016,23.061,Djibouti,DJ
2015,23.567,Djibouti,DJ
2014,24.094,Djibouti,DJ
2013,24.592,Djibouti,DJ
2012,25.061,Djibouti,DJ
2011,25.657,Djibouti,DJ
2010,26.291,Djibouti,DJ
2009,26.905,Djibouti,DJ
2008,27.554,Djibouti,DJ
2007,28.485,Djibouti,DJ
2006,29.391,Djibouti,DJ
2005,30.568,Djibouti,DJ
2004,31.601,Djibouti,DJ
2003,32.678,Djibouti,DJ
2002,33.006,Djibouti,DJ
2001,33.267,Djibouti,DJ
2000,33.459,Djibouti,DJ
1999,33.531,Djibouti,DJ
1998,33.47,Djibouti,DJ
1997,33.653,Djibouti,DJ
1996,34.789,Djibouti,DJ
1995,35.893,Djibouti,DJ
1994,37.197,Djibouti,DJ
1993,37.125,Djibouti,DJ
1992,39.873,Djibouti,DJ
1991,37.804,Djibouti,DJ
1990,37.2,Djibouti,DJ
