ano,valor,pais,codigo_pais
2024,,Dominica,DM
2023,11.09,Dominica,DM
2022,11.146,Dominica,DM
2021,11.251,Dominica,DM
2020,11.404,Dominica,DM
2019,11.512,Dominica,DM
2018,11.636,Dominica,DM
2017,11.813,Dominica,DM
2016,12.922,Dominica,DM
2015,13.106,Dominica,DM
2014,13.684,Dominica,DM
2013,13.294,Dominica,DM
2012,13.87,Dominica,DM
2011,13.719,Dominica,DM
2010,13.986,Dominica,DM
2009,14.252,Dominica,DM
2008,14.668,Dominica,DM
2007,15.12,Dominica,DM
2006,15.546,Dominica,DM
2005,15.019,Dominica,DM
2004,15.239,Dominica,DM
2003,15.605,Dominica,DM
2002,16.187,Dominica,DM
2001,18.017,Dominica,DM
2000,17.923,Dominica,DM
1999,19.029,Dominica,DM
1998,18.162,Dominica,DM
1997,19.093,Dominica,DM
1996,20.429,Dominica,DM
1995,21.94,Dominica,DM
1994,24.148,Dominica,DM
1993,26.151,Dominica,DM
1992,26.027,Dominica,DM
1991,25.883,Dominica,DM
1990,25.964,Dominica,DM
