ano,valor,pais,codigo_pais
2024,,Ecuador,EC
2023,15.033,Ecuador,EC
2022,15.423,Ecuador,EC
2021,15.882,Ecuador,EC
2020,16.391,Ecuador,EC
2019,16.924,Ecuador,EC
2018,17.523,Ecuador,EC
2017,17.677,Ecuador,EC
2016,17.622,Ecuador,EC
2015,18.357,Ecuador,EC
2014,18.896,Ecuador,EC
2013,19.656,Ecuador,EC
2012,20.944,Ecuador,EC
2011,21.78,Ecuador,EC
2010,21.887,Ecuador,EC
2009,22.427,Ecuador,EC
2008,22.501,Ecuador,EC
2007,22.604,Ecuador,EC
2006,22.968,Ecuador,EC
2005,23.317,Ecuador,EC
2004,23.73,Ecuador,EC
2003,24.18,Ecuador,EC
2002,24.655,Ecuador,EC
2001,25.142,Ecuador,EC
2000,25.645,Ecuador,EC
1999,26.139,Ecuador,EC
1998,26.62,Ecuador,EC
1997,27.108,Ecuador,EC
1996,27.658,Ecuador,EC
1995,27.889,Ecuador,EC
1994,28.181,Ecuador,EC
1993,28.711,Ecuador,EC
1992,29.292,Ecuador,EC
1991,29.706,Ecuador,EC
1990,29.924,Ecuador,EC
