ano,valor,pais,codigo_pais
2024,,Eritrea,ER
2023,28.544,Eritrea,ER
2022,28.675,Eritrea,ER
2021,28.818,Eritrea,ER
2020,28.872,Eritrea,ER
2019,29.119,Eritrea,ER
2018,29.195,Eritrea,ER
2017,29.551,Eritrea,ER
2016,30.092,Eritrea,ER
2015,30.554,Eritrea,ER
2014,31.456,Eritrea,ER
2013,31.702,Eritrea,ER
2012,32.41,Eritrea,ER
2011,33.032,Eritrea,ER
2010,33.453,Eritrea,ER
2009,34.213,Eritrea,ER
2008,34.136,Eritrea,ER
2007,34.965,Eritrea,ER
2006,36.179,Eritrea,ER
2005,36.369,Eritrea,ER
2004,37.0,Eritrea,ER
2003,35.894,Eritrea,ER
2002,37.081,Eritrea,ER
2001,36.353,Eritrea,ER
2000,37.969,Eritrea,ER
1999,38.424,Eritrea,ER
1998,39.91,Eritrea,ER
1997,41.218,Eritrea,ER
1996,43.277,Eritrea,ER
1995,39.469,Eritrea,ER
1994,42.145,Eritrea,ER
1993,40.853,Eritrea,ER
1992,42.304,Eritrea,ER
1991,46.07,Eritrea,ER
1990,43.316,Eritrea,ER
