ano,valor,pais,codigo_pais
2024,,Estonia,EE
2023,8.0,Estonia,EE
2022,8.6,Estonia,EE
2021,10.0,Estonia,EE
2020,9.9,Estonia,EE
2019,10.6,Estonia,EE
2018,10.9,Estonia,EE
2017,10.5,Estonia,EE
2016,10.7,Estonia,EE
2015,10.6,Estonia,EE
2014,10.3,Estonia,EE
2013,10.3,Estonia,EE
2012,10.6,Estonia,EE
2011,11.1,Estonia,EE
2010,11.9,Estonia,EE
2009,11.8,Estonia,EE
2008,12.0,Estonia,EE
2007,11.8,Estonia,EE
2006,11.0,Estonia,EE
2005,10.6,Estonia,EE
2004,10.3,Estonia,EE
2003,9.5,Estonia,EE
2002,9.4,Estonia,EE
2001,9.1,Estonia,EE
2000,9.4,Estonia,EE
1999,9.0,Estonia,EE
1998,8.8,Estonia,EE
1997,9.0,Estonia,EE
1996,9.4,Estonia,EE
1995,9.4,Estonia,EE
1994,9.7,Estonia,EE
1993,10.2,Estonia,EE
1992,11.8,Estonia,EE
1991,12.4,Estonia,EE
1990,14.2,Estonia,EE
