ano,valor,pais,codigo_pais
2024,,Ethiopia,ET
2023,31.903,Ethiopia,ET
2022,32.413,Ethiopia,ET
2021,32.876,Ethiopia,ET
2020,33.31,Ethiopia,ET
2019,33.549,Ethiopia,ET
2018,33.394,Ethiopia,ET
2017,33.222,Ethiopia,ET
2016,33.329,Ethiopia,ET
2015,33.331,Ethiopia,ET
2014,33.408,Ethiopia,ET
2013,33.644,Ethiopia,ET
2012,34.563,Ethiopia,ET
2011,35.671,Ethiopia,ET
2010,36.571,Ethiopia,ET
2009,37.538,Ethiopia,ET
2008,38.886,Ethiopia,ET
2007,40.054,Ethiopia,ET
2006,41.086,Ethiopia,ET
2005,42.104,Ethiopia,ET
2004,42.712,Ethiopia,ET
2003,43.334,Ethiopia,ET
2002,44.264,Ethiopia,ET
2001,44.987,Ethiopia,ET
2000,45.59,Ethiopia,ET
1999,46.393,Ethiopia,ET
1998,46.985,Ethiopia,ET
1997,47.862,Ethiopia,ET
1996,48.551,Ethiopia,ET
1995,49.0,Ethiopia,ET
1994,49.627,Ethiopia,ET
1993,50.063,Ethiopia,ET
1992,50.396,Ethiopia,ET
1991,50.248,Ethiopia,ET
1990,50.789,Ethiopia,ET
