ano,valor,pais,codigo_pais
2024,,Fiji,FJ
2023,17.996,Fiji,FJ
2022,18.242,Fiji,FJ
2021,18.55,Fiji,FJ
2020,18.828,Fiji,FJ
2019,19.226,Fiji,FJ
2018,19.601,Fiji,FJ
2017,20.029,Fiji,FJ
2016,20.55,Fiji,FJ
2015,20.998,Fiji,FJ
2014,21.291,Fiji,FJ
2013,21.495,Fiji,FJ
2012,21.583,Fiji,FJ
2011,21.76,Fiji,FJ
2010,22.328,Fiji,FJ
2009,22.839,Fiji,FJ
2008,23.293,Fiji,FJ
2007,23.716,Fiji,FJ
2006,23.964,Fiji,FJ
2005,24.003,Fiji,FJ
2004,24.128,Fiji,FJ
2003,24.265,Fiji,FJ
2002,24.339,Fiji,FJ
2001,24.272,Fiji,FJ
2000,24.328,Fiji,FJ
1999,24.725,Fiji,FJ
1998,25.189,Fiji,FJ
1997,25.765,Fiji,FJ
1996,26.476,Fiji,FJ
1995,26.767,Fiji,FJ
1994,27.091,Fiji,FJ
1993,27.693,Fiji,FJ
1992,28.362,Fiji,FJ
1991,29.029,Fiji,FJ
1990,29.523,Fiji,FJ
