ano,valor,pais,codigo_pais
2024,,Finland,FI
2023,7.8,Finland,FI
2022,8.1,Finland,FI
2021,9.0,Finland,FI
2020,8.4,Finland,FI
2019,8.3,Finland,FI
2018,8.6,Finland,FI
2017,9.1,Finland,FI
2016,9.6,Finland,FI
2015,10.1,Finland,FI
2014,10.5,Finland,FI
2013,10.7,Finland,FI
2012,11.0,Finland,FI
2011,11.1,Finland,FI
2010,11.4,Finland,FI
2009,11.3,Finland,FI
2008,11.2,Finland,FI
2007,11.1,Finland,FI
2006,11.2,Finland,FI
2005,11.0,Finland,FI
2004,11.0,Finland,FI
2003,10.9,Finland,FI
2002,10.7,Finland,FI
2001,10.8,Finland,FI
2000,11.0,Finland,FI
1999,11.1,Finland,FI
1998,11.1,Finland,FI
1997,11.5,Finland,FI
1996,11.8,Finland,FI
1995,12.3,Finland,FI
1994,12.8,Finland,FI
1993,12.8,Finland,FI
1992,13.2,Finland,FI
1991,13.0,Finland,FI
1990,13.1,Finland,FI
