ano,valor,pais,codigo_pais
2024,,France,FR
2023,9.9,France,FR
2022,10.7,France,FR
2021,10.9,France,FR
2020,10.9,France,FR
2019,11.2,France,FR
2018,11.3,France,FR
2017,11.5,France,FR
2016,11.8,France,FR
2015,12.0,France,FR
2014,12.4,France,FR
2013,12.4,France,FR
2012,12.6,France,FR
2011,12.7,France,FR
2010,12.9,France,FR
2009,12.8,France,FR
2008,12.9,France,FR
2007,12.8,France,FR
2006,13.1,France,FR
2005,12.8,France,FR
2004,12.8,France,FR
2003,12.8,France,FR
2002,12.9,France,FR
2001,13.1,France,FR
2000,13.3,France,FR
1999,12.9,France,FR
1998,12.8,France,FR
1997,12.7,France,FR
1996,12.8,France,FR
1995,12.8,France,FR
1994,12.5,France,FR
1993,13.0,France,FR
1992,13.1,France,FR
1991,13.2,France,FR
1990,13.4,France,FR
