ano,valor,pais,codigo_pais
2024,,Germany,DE
2023,8.3,Germany,DE
2022,8.8,Germany,DE
2021,9.6,Germany,DE
2020,9.3,Germany,DE
2019,9.4,Germany,DE
2018,9.5,Germany,DE
2017,9.5,Germany,DE
2016,9.6,Germany,DE
2015,9.0,Germany,DE
2014,8.8,Germany,DE
2013,8.5,Germany,DE
2012,8.4,Germany,DE
2011,8.3,Germany,DE
2010,8.3,Germany,DE
2009,8.1,Germany,DE
2008,8.3,Germany,DE
2007,8.3,Germany,DE
2006,8.2,Germany,DE
2005,8.3,Germany,DE
2004,8.6,Germany,DE
2003,8.6,Germany,DE
2002,8.7,Germany,DE
2001,8.9,Germany,DE
2000,9.3,Germany,DE
1999,9.4,Germany,DE
1998,9.6,Germany,DE
1997,9.9,Germany,DE
1996,9.7,Germany,DE
1995,9.4,Germany,DE
1994,9.5,Germany,DE
1993,9.8,Germany,DE
1992,10.0,Germany,DE
1991,10.4,Germany,DE
1990,11.4,Germany,DE
