ano,valor,pais,codigo_pais
2024,,Spain,ES
2023,6.7,Spain,ES
2022,6.9,Spain,ES
2021,7.1,Spain,ES
2020,7.2,Spain,ES
2019,7.6,Spain,ES
2018,7.9,Spain,ES
2017,8.4,Spain,ES
2016,8.8,Spain,ES
2015,9.0,Spain,ES
2014,9.2,Spain,ES
2013,9.1,Spain,ES
2012,9.7,Spain,ES
2011,10.1,Spain,ES
2010,10.4,Spain,ES
2009,10.6,Spain,ES
2008,11.3,Spain,ES
2007,10.9,Spain,ES
2006,10.8,Spain,ES
2005,10.6,Spain,ES
2004,10.6,Spain,ES
2003,10.4,Spain,ES
2002,10.1,Spain,ES
2001,9.9,Spain,ES
2000,9.8,Spain,ES
1999,9.4,Spain,ES
1998,9.1,Spain,ES
1997,9.2,Spain,ES
1996,9.1,Spain,ES
1995,9.1,Spain,ES
1994,9.4,Spain,ES
1993,9.8,Spain,ES
1992,10.1,Spain,ES
1991,10.2,Spain,ES
1990,10.3,Spain,ES
