ano,valor,pais,codigo_pais
2024,,Switzerland,CH
2023,9.0,Switzerland,CH
2022,9.4,Switzerland,CH
2021,10.3,Switzerland,CH
2020,9.9,Switzerland,CH
2019,10.0,Switzerland,CH
2018,10.3,Switzerland,CH
2017,10.3,Switzerland,CH
2016,10.5,Switzerland,CH
2015,10.5,Switzerland,CH
2014,10.4,Switzerland,CH
2013,10.2,Switzerland,CH
2012,10.3,Switzerland,CH
2011,10.2,Switzerland,CH
2010,10.3,Switzerland,CH
2009,10.1,Switzerland,CH
2008,10.0,Switzerland,CH
2007,9.9,Switzerland,CH
2006,9.8,Switzerland,CH
2005,9.8,Switzerland,CH
2004,9.9,Switzerland,CH
2003,9.8,Switzerland,CH
2002,9.9,Switzerland,CH
2001,10.0,Switzerland,CH
2000,10.9,Switzerland,CH
1999,11.0,Switzerland,CH
1998,11.1,Switzerland,CH
1997,11.4,Switzerland,CH
1996,11.7,Switzerland,CH
1995,11.7,Switzerland,CH
1994,11.9,Switzerland,CH
1993,12.1,Switzerland,CH
1992,12.6,Switzerland,CH
1991,12.7,Switzerland,CH
1990,12.5,Switzerland,CH
