ano,valor,pais,codigo_pais
2024,,Antigua and Barbuda,AG
2023,,Antigua and Barbuda,AG
2022,54.689582143537,Antigua and Barbuda,AG
2021,46.9834793891329,Antigua and Barbuda,AG
2020,41.9109250095166,Antigua and Barbuda,AG
2019,69.2086423595831,Antigua and Barbuda,AG
2018,62.470548111624,Antigua and Barbuda,AG
2017,64.5718183599372,Antigua and Barbuda,AG
2016,70.0199146232009,Antigua and Barbuda,AG
2015,70.6912007913569,Antigua and Barbuda,AG
2014,74.504141999119,Antigua and Barbuda,AG
2013,,Antigua and Barbuda,AG
2012,,Antigua and Barbuda,AG
2011,,Antigua and Barbuda,AG
2010,,Antigua and Barbuda,AG
2009,,Antigua and Barbuda,AG
2008,,Antigua and Barbuda,AG
2007,,Antigua and Barbuda,AG
2006,,Antigua and Barbuda,AG
2005,,Antigua and Barbuda,AG
2004,,Antigua and Barbuda,AG
2003,,Antigua and Barbuda,AG
2002,,Antigua and Barbuda,AG
2001,,Antigua and Barbuda,AG
2000,,Antigua and Barbuda,AG
1999,,Antigua and Barbuda,AG
1998,,Antigua and Barbuda,AG
1997,,Antigua and Barbuda,AG
1996,,Antigua and Barbuda,AG
1995,,Antigua and Barbuda,AG
1994,,Antigua and Barbuda,AG
1993,,Antigua and Barbuda,AG
1992,,Antigua and Barbuda,AG
1991,,Antigua and Barbuda,AG
1990,,Antigua and Barbuda,AG
