ano,valor,pais,codigo_pais
2024,,Argentina,AR
2023,12.7492457826544,Argentina,AR
2022,16.248014443903,Argentina,AR
2021,18.0667091690365,Argentina,AR
2020,16.6054144372484,Argentina,AR
2019,17.9248783778462,Argentina,AR
2018,14.4366857499034,Argentina,AR
2017,11.3202833596733,Argentina,AR
2016,12.5270951690009,Argentina,AR
2015,10.7056520504538,Argentina,AR
2014,14.4054785893756,Argentina,AR
2013,14.6171733884386,Argentina,AR
2012,16.2378594620246,Argentina,AR
2011,18.4492091453155,Argentina,AR
2010,18.9338234053709,Argentina,AR
2009,19.5609850560818,Argentina,AR
2008,22.0609003826242,Argentina,AR
2007,22.6627503115066,Argentina,AR
2006,23.0266946038115,Argentina,AR
2005,23.2458767338576,Argentina,AR
2004,23.8476194239892,Argentina,AR
2003,25.9309429264224,Argentina,AR
2002,28.3825969991682,Argentina,AR
2001,11.5790080825317,Argentina,AR
2000,10.9863752325576,Argentina,AR
1999,9.82717451494235,Argentina,AR
1998,10.4155819610919,Argentina,AR
1997,10.5608501019262,Argentina,AR
1996,10.4285967560139,Argentina,AR
1995,9.68041025959015,Argentina,AR
1994,7.52994872591672,Argentina,AR
1993,6.90935153370832,Argentina,AR
1992,6.5981874720374,Argentina,AR
1991,7.67504334832217,Argentina,AR
1990,10.3595365925264,Argentina,AR
