ano,valor,pais,codigo_pais
2024,,Australia,AU
2023,26.7992411333458,Australia,AU
2022,25.5315880289865,Australia,AU
2021,22.0566759771447,Australia,AU
2020,24.0267391579698,Australia,AU
2019,24.1596779983146,Australia,AU
2018,21.8940905352475,Australia,AU
2017,21.2566174818153,Australia,AU
2016,19.2787442533207,Australia,AU
2015,20.0661262864303,Australia,AU
2014,21.0876033946651,Australia,AU
2013,19.9765688678184,Australia,AU
2012,21.4931586992533,Australia,AU
2011,21.4372472346938,Australia,AU
2010,19.7962619659869,Australia,AU
2009,23.0109850559796,Australia,AU
2008,20.1488773165122,Australia,AU
2007,20.1835039296691,Australia,AU
2006,19.8535392187758,Australia,AU
2005,18.224372786193,Australia,AU
2004,17.1624682179729,Australia,AU
2003,19.0572127285496,Australia,AU
2002,20.7266612553969,Australia,AU
2001,22.1523263999819,Australia,AU
2000,19.3902280759468,Australia,AU
1999,18.2947441891133,Australia,AU
1998,19.5575656778223,Australia,AU
1997,19.127482417612,Australia,AU
1996,18.8901429006237,Australia,AU
1995,17.870669522392,Australia,AU
1994,17.97212703352,Australia,AU
1993,17.5396023222257,Australia,AU
1992,16.6582404082404,Australia,AU
1991,16.0283821135862,Australia,AU
1990,15.1147878814835,Australia,AU
