ano,valor,pais,codigo_pais
2024,,Azerbaijan,AZ
2023,49.0453678900537,Azerbaijan,AZ
2022,59.9868480668076,Azerbaijan,AZ
2021,46.4887471674792,Azerbaijan,AZ
2020,35.6235558660257,Azerbaijan,AZ
2019,49.0506275016423,Azerbaijan,AZ
2018,54.0922938620586,Azerbaijan,AZ
2017,48.547864732761,Azerbaijan,AZ
2016,46.4276493913136,Azerbaijan,AZ
2015,37.7947774917249,Azerbaijan,AZ
2014,43.2735566584935,Azerbaijan,AZ
2013,48.4158330755216,Azerbaijan,AZ
2012,52.9746801915106,Azerbaijan,AZ
2011,56.4269805307016,Azerbaijan,AZ
2010,54.3047215353821,Azerbaijan,AZ
2009,51.6357456848728,Azerbaijan,AZ
2008,65.7761378471842,Azerbaijan,AZ
2007,68.1289116905555,Azerbaijan,AZ
2006,66.5041448400209,Azerbaijan,AZ
2005,62.9411060091835,Azerbaijan,AZ
2004,48.7890084640454,Azerbaijan,AZ
2003,42.0065766459106,Azerbaijan,AZ
2002,42.7678350515464,Azerbaijan,AZ
2001,41.4986078711716,Azerbaijan,AZ
2000,40.1708314787732,Azerbaijan,AZ
1999,27.9701199968213,Azerbaijan,AZ
1998,22.6995291518921,Azerbaijan,AZ
1997,29.0346072254061,Azerbaijan,AZ
1996,24.9286393910561,Azerbaijan,AZ
1995,32.4866435467242,Azerbaijan,AZ
1994,24.7211102215105,Azerbaijan,AZ
1993,57.4624203821656,Azerbaijan,AZ
1992,86.2036057343209,Azerbaijan,AZ
1991,45.6586826347305,Azerbaijan,AZ
1990,43.8608458390177,Azerbaijan,AZ
