ano,valor,pais,codigo_pais
2024,,"Bahamas, The",BS
2023,39.746138020016,"Bahamas, The",BS
2022,39.4270880911056,"Bahamas, The",BS
2021,29.4971369261758,"Bahamas, The",BS
2020,24.2403245566468,"Bahamas, The",BS
2019,35.5641431446966,"Bahamas, The",BS
2018,35.8399784397343,"Bahamas, The",BS
2017,32.2815791839303,"Bahamas, The",BS
2016,33.217256558054,"Bahamas, The",BS
2015,36.3376999460242,"Bahamas, The",BS
2014,37.9283950392287,"Bahamas, The",BS
2013,40.1633351930587,"Bahamas, The",BS
2012,38.1273086825118,"Bahamas, The",BS
2011,37.4352685331837,"Bahamas, The",BS
2010,34.9532873206178,"Bahamas, The",BS
2009,34.190679986696,"Bahamas, The",BS
2008,39.4936348090443,"Bahamas, The",BS
2007,40.0919541095878,"Bahamas, The",BS
2006,38.3092773365463,"Bahamas, The",BS
2005,38.7598869482117,"Bahamas, The",BS
2004,38.215231096961,"Bahamas, The",BS
2003,35.8102341689881,"Bahamas, The",BS
2002,36.175454557738,"Bahamas, The",BS
2001,34.0725886439131,"Bahamas, The",BS
2000,38.0475628585261,"Bahamas, The",BS
1999,36.4568895621607,"Bahamas, The",BS
1998,34.6571601675345,"Bahamas, The",BS
1997,36.8804047779975,"Bahamas, The",BS
1996,48.0376835688556,"Bahamas, The",BS
1995,49.549139690872,"Bahamas, The",BS
1994,51.0214789812826,"Bahamas, The",BS
1993,51.9666882276843,"Bahamas, The",BS
1992,50.247024766806,"Bahamas, The",BS
1991,50.9510921971226,"Bahamas, The",BS
1990,54.160770688566,"Bahamas, The",BS
