ano,valor,pais,codigo_pais
2024,,Bangladesh,BD
2023,13.1571638341204,Bangladesh,BD
2022,12.8822264348985,Bangladesh,BD
2021,10.6627789004134,Bangladesh,BD
2020,10.4427880616037,Bangladesh,BD
2019,13.0947573353039,Bangladesh,BD
2018,12.6747879443391,Bangladesh,BD
2017,12.8197468906003,Bangladesh,BD
2016,13.9212044814459,Bangladesh,BD
2015,17.3366737865485,Bangladesh,BD
2014,18.9896599950107,Bangladesh,BD
2013,19.5378741098798,Bangladesh,BD
2012,20.1615888640625,Bangladesh,BD
2011,19.9220749554939,Bangladesh,BD
2010,16.0241126856916,Bangladesh,BD
2009,16.9401329056133,Bangladesh,BD
2008,17.6588584820757,Bangladesh,BD
2007,16.9953348464905,Bangladesh,BD
2006,16.3534635652888,Bangladesh,BD
2005,14.3928418979283,Bangladesh,BD
2004,11.1465089461353,Bangladesh,BD
2003,11.4311486959413,Bangladesh,BD
2002,12.4099689322019,Bangladesh,BD
2001,13.3865592080649,Bangladesh,BD
2000,12.3442012279919,Bangladesh,BD
1999,11.7586423857313,Bangladesh,BD
1998,11.7573312287186,Bangladesh,BD
1997,10.5203705573506,Bangladesh,BD
1996,9.70650764952346,Bangladesh,BD
1995,10.864634213863,Bangladesh,BD
1994,9.00154364628231,Bangladesh,BD
1993,9.01726903574974,Bangladesh,BD
1992,7.58667691037111,Bangladesh,BD
1991,6.66261196863293,Bangladesh,BD
1990,5.90831648660892,Bangladesh,BD
