ano,valor,pais,codigo_pais
2024,,Bermuda,BM
2023,52.9299777687707,Bermuda,BM
2022,50.463452895894,Bermuda,BM
2021,48.6835642432754,Bermuda,BM
2020,47.1361363420877,Bermuda,BM
2019,51.7434243981752,Bermuda,BM
2018,51.4791563825902,Bermuda,BM
2017,48.5381492501872,Bermuda,BM
2016,49.3300565760921,Bermuda,BM
2015,49.9708394613543,Bermuda,BM
2014,51.1612432078139,Bermuda,BM
2013,51.6131910947459,Bermuda,BM
2012,50.5125436879565,Bermuda,BM
2011,52.5392419809555,Bermuda,BM
2010,50.7949927394964,Bermuda,BM
2009,,Bermuda,BM
2008,,Bermuda,BM
2007,,Bermuda,BM
2006,,Bermuda,BM
2005,,Bermuda,BM
2004,,Bermuda,BM
2003,,Bermuda,BM
2002,,Bermuda,BM
2001,,Bermuda,BM
2000,,Bermuda,BM
1999,,Bermuda,BM
1998,,Bermuda,BM
1997,,Bermuda,BM
1996,,Bermuda,BM
1995,,Bermuda,BM
1994,,Bermuda,BM
1993,,Bermuda,BM
1992,,Bermuda,BM
1991,,Bermuda,BM
1990,,Bermuda,BM
