ano,valor,pais,codigo_pais
2024,,Botswana,BW
2023,32.2751013777669,Botswana,BW
2022,43.5418799471132,Botswana,BW
2021,41.9108436360075,Botswana,BW
2020,31.2902836724863,Botswana,BW
2019,37.0878176552067,Botswana,BW
2018,44.2281439237392,Botswana,BW
2017,42.9200424885539,Botswana,BW
2016,54.6113547604529,Botswana,BW
2015,53.0908973428197,Botswana,BW
2014,61.2829678934065,Botswana,BW
2013,61.3797617461963,Botswana,BW
2012,48.11502383229,Botswana,BW
2011,44.2363979167201,Botswana,BW
2010,42.1443315144427,Botswana,BW
2009,35.8336618587618,Botswana,BW
2008,46.946904660995,Botswana,BW
2007,56.479962927168,Botswana,BW
2006,51.7808267603935,Botswana,BW
2005,52.9235535447696,Botswana,BW
2004,49.6137877815052,Botswana,BW
2003,48.8268578340104,Botswana,BW
2002,52.1574267782427,Botswana,BW
2001,48.6576082380348,Botswana,BW
2000,51.8318100701299,Botswana,BW
1999,55.1972682896055,Botswana,BW
1998,49.2891721003754,Botswana,BW
1997,60.8807385501806,Botswana,BW
1996,53.828444483056,Botswana,BW
1995,50.8364978420338,Botswana,BW
1994,47.8223986846938,Botswana,BW
1993,47.0957972005807,Botswana,BW
1992,48.1795630951428,Botswana,BW
1991,53.0295141611517,Botswana,BW
1990,55.0554070628939,Botswana,BW
