ano,valor,pais,codigo_pais
2024,,Cameroon,CM
2023,16.6141431983781,Cameroon,CM
2022,19.321813317909,Cameroon,CM
2021,16.5088840367781,Cameroon,CM
2020,15.2357369814791,Cameroon,CM
2019,19.8500907473186,Cameroon,CM
2018,18.7362534690181,Cameroon,CM
2017,18.3510985830022,Cameroon,CM
2016,18.9499787559649,Cameroon,CM
2015,20.9891496295315,Cameroon,CM
2014,23.6099755336855,Cameroon,CM
2013,23.6391086680292,Cameroon,CM
2012,23.8767238437792,Cameroon,CM
2011,24.229686622931,Cameroon,CM
2010,22.368890297982,Cameroon,CM
2009,19.5824152849101,Cameroon,CM
2008,27.0083654696037,Cameroon,CM
2007,26.9786418047148,Cameroon,CM
2006,24.1790940584351,Cameroon,CM
2005,22.2454563981154,Cameroon,CM
2004,20.5475737052101,Cameroon,CM
2003,19.4369114585916,Cameroon,CM
2002,22.9861583659013,Cameroon,CM
2001,25.2612172490423,Cameroon,CM
2000,24.8568127317047,Cameroon,CM
1999,19.4286005669288,Cameroon,CM
1998,21.9791850036291,Cameroon,CM
1997,26.6506553314661,Cameroon,CM
1996,24.262491972799,Cameroon,CM
1995,21.6184879665971,Cameroon,CM
1994,21.4810205130997,Cameroon,CM
1993,16.390717236618,Cameroon,CM
1992,20.5470222485463,Cameroon,CM
1991,19.9988804610672,Cameroon,CM
1990,20.1829143997954,Cameroon,CM
