ano,valor,pais,codigo_pais
2024,,Afghanistan,AF
2023,96.0,Afghanistan,AF
2022,95.9,Afghanistan,AF
2021,99.5,Afghanistan,AF
2020,99.5,Afghanistan,AF
2019,99.5,Afghanistan,AF
2018,98.8,Afghanistan,AF
2017,99.5,Afghanistan,AF
2016,99.5,Afghanistan,AF
2015,92.5,Afghanistan,AF
2014,98.7,Afghanistan,AF
2013,92.2,Afghanistan,AF
2012,95.0,Afghanistan,AF
2011,86.6,Afghanistan,AF
2010,82.8,Afghanistan,AF
2009,85.9,Afghanistan,AF
2008,89.9,Afghanistan,AF
2007,83.0,Afghanistan,AF
2006,81.6,Afghanistan,AF
2005,74.0,Afghanistan,AF
2004,78.8,Afghanistan,AF
2003,77.5,Afghanistan,AF
2002,76.1,Afghanistan,AF
2001,74.8,Afghanistan,AF
2000,73.4,Afghanistan,AF
1999,,Afghanistan,AF
1998,,Afghanistan,AF
1997,,Afghanistan,AF
1996,,Afghanistan,AF
1995,,Afghanistan,AF
1994,,Afghanistan,AF
1993,,Afghanistan,AF
1992,,Afghanistan,AF
1991,,Afghanistan,AF
1990,,Afghanistan,AF
