ano,valor,pais,codigo_pais
2024,,Albania,AL
2023,100.0,Albania,AL
2022,100.0,Albania,AL
2021,100.0,Albania,AL
2020,100.0,Albania,AL
2019,100.0,Albania,AL
2018,100.0,Albania,AL
2017,100.0,Albania,AL
2016,100.0,Albania,AL
2015,100.0,Albania,AL
2014,100.0,Albania,AL
2013,99.9,Albania,AL
2012,99.9,Albania,AL
2011,99.5,Albania,AL
2010,99.1,Albania,AL
2009,98.7,Albania,AL
2008,98.3,Albania,AL
2007,98.0,Albania,AL
2006,97.7,Albania,AL
2005,97.4,Albania,AL
2004,97.1,Albania,AL
2003,96.8,Albania,AL
2002,96.6,Albania,AL
2001,96.3,Albania,AL
2000,96.1,Albania,AL
1999,100.0,Albania,AL
1998,100.0,Albania,AL
1997,100.0,Albania,AL
1996,100.0,Albania,AL
1995,100.0,Albania,AL
1994,100.0,Albania,AL
1993,100.0,Albania,AL
1992,100.0,Albania,AL
1991,100.0,Albania,AL
1990,100.0,Albania,AL
