ano,valor,pais,codigo_pais
2024,,Algeria,DZ
2023,100.0,Algeria,DZ
2022,100.0,Algeria,DZ
2021,100.0,Algeria,DZ
2020,99.9,Algeria,DZ
2019,99.8,Algeria,DZ
2018,99.9,Algeria,DZ
2017,99.9,Algeria,DZ
2016,99.9,Algeria,DZ
2015,99.9,Algeria,DZ
2014,99.9,Algeria,DZ
2013,99.8,Algeria,DZ
2012,99.3,Algeria,DZ
2011,99.7,Algeria,DZ
2010,99.6,Algeria,DZ
2009,99.5,Algeria,DZ
2008,100.0,Algeria,DZ
2007,99.4,Algeria,DZ
2006,99.4,Algeria,DZ
2005,99.3,Algeria,DZ
2004,99.3,Algeria,DZ
2003,99.3,Algeria,DZ
2002,99.4,Algeria,DZ
2001,99.4,Algeria,DZ
2000,99.5,Algeria,DZ
1999,,Algeria,DZ
1998,,Algeria,DZ
1997,,Algeria,DZ
1996,,Algeria,DZ
1995,,Algeria,DZ
1994,,Algeria,DZ
1993,,Algeria,DZ
1992,,Algeria,DZ
1991,,Algeria,DZ
1990,,Algeria,DZ
