ano,valor,pais,codigo_pais
2024,,Andorra,AD
2023,100.0,Andorra,AD
2022,100.0,Andorra,AD
2021,100.0,Andorra,AD
2020,100.0,Andorra,AD
2019,100.0,Andorra,AD
2018,100.0,Andorra,AD
2017,100.0,Andorra,AD
2016,100.0,Andorra,AD
2015,100.0,Andorra,AD
2014,100.0,Andorra,AD
2013,100.0,Andorra,AD
2012,100.0,Andorra,AD
2011,100.0,Andorra,AD
2010,100.0,Andorra,AD
2009,100.0,Andorra,AD
2008,100.0,Andorra,AD
2007,100.0,Andorra,AD
2006,100.0,Andorra,AD
2005,100.0,Andorra,AD
2004,100.0,Andorra,AD
2003,100.0,Andorra,AD
2002,100.0,Andorra,AD
2001,100.0,Andorra,AD
2000,100.0,Andorra,AD
1999,100.0,Andorra,AD
1998,100.0,Andorra,AD
1997,100.0,Andorra,AD
1996,100.0,Andorra,AD
1995,100.0,Andorra,AD
1994,100.0,Andorra,AD
1993,100.0,Andorra,AD
1992,100.0,Andorra,AD
1991,100.0,Andorra,AD
1990,100.0,Andorra,AD
