ano,valor,pais,codigo_pais
2024,,Angola,AO
2023,,Angola,AO
2022,76.2,Angola,AO
2021,75.0,Angola,AO
2020,73.6,Angola,AO
2019,72.2,Angola,AO
2018,65.3,Angola,AO
2017,69.4,Angola,AO
2016,67.9,Angola,AO
2015,64.0,Angola,AO
2014,51.0,Angola,AO
2013,68.6,Angola,AO
2012,70.3,Angola,AO
2011,82.5,Angola,AO
2010,73.6,Angola,AO
2009,57.7,Angola,AO
2008,61.3,Angola,AO
2007,66.1,Angola,AO
2006,53.3,Angola,AO
2005,51.8,Angola,AO
2004,50.4,Angola,AO
2003,49.0,Angola,AO
2002,47.7,Angola,AO
2001,30.0,Angola,AO
2000,44.9,Angola,AO
1999,,Angola,AO
1998,,Angola,AO
1997,,Angola,AO
1996,,Angola,AO
1995,,Angola,AO
1994,,Angola,AO
1993,,Angola,AO
1992,,Angola,AO
1991,,Angola,AO
1990,,Angola,AO
