ano,valor,pais,codigo_pais
2024,,Argentina,AR
2023,100.0,Argentina,AR
2022,100.0,Argentina,AR
2021,100.0,Argentina,AR
2020,100.0,Argentina,AR
2019,100.0,Argentina,AR
2018,100.0,Argentina,AR
2017,100.0,Argentina,AR
2016,100.0,Argentina,AR
2015,99.9,Argentina,AR
2014,100.0,Argentina,AR
2013,99.7,Argentina,AR
2012,99.4,Argentina,AR
2011,99.2,Argentina,AR
2010,98.8,Argentina,AR
2009,98.2,Argentina,AR
2008,97.9,Argentina,AR
2007,97.6,Argentina,AR
2006,97.3,Argentina,AR
2005,97.1,Argentina,AR
2004,96.9,Argentina,AR
2003,96.7,Argentina,AR
2002,96.5,Argentina,AR
2001,96.3,Argentina,AR
2000,96.2,Argentina,AR
1999,96.3380737304688,Argentina,AR
1998,96.1512680053711,Argentina,AR
1997,95.9440383911133,Argentina,AR
1996,95.7178421020508,Argentina,AR
1995,95.4758529663086,Argentina,AR
1994,95.2212295532227,Argentina,AR
1993,94.9571228027344,Argentina,AR
1992,94.6866989135742,Argentina,AR
1991,94.4131164550781,Argentina,AR
1990,94.1390151977539,Argentina,AR
