ano,valor,pais,codigo_pais
2024,,Armenia,AM
2023,100.0,Armenia,AM
2022,100.0,Armenia,AM
2021,99.9,Armenia,AM
2020,100.0,Armenia,AM
2019,100.0,Armenia,AM
2018,99.9,Armenia,AM
2017,99.8,Armenia,AM
2016,99.8,Armenia,AM
2015,100.0,Armenia,AM
2014,99.7,Armenia,AM
2013,99.4,Armenia,AM
2012,99.7,Armenia,AM
2011,99.6,Armenia,AM
2010,99.7,Armenia,AM
2009,99.4,Armenia,AM
2008,99.4,Armenia,AM
2007,99.3,Armenia,AM
2006,99.2,Armenia,AM
2005,99.9,Armenia,AM
2004,99.2,Armenia,AM
2003,99.2,Armenia,AM
2002,99.2,Armenia,AM
2001,99.3,Armenia,AM
2000,99.1,Armenia,AM
1999,,Armenia,AM
1998,,Armenia,AM
1997,,Armenia,AM
1996,,Armenia,AM
1995,,Armenia,AM
1994,,Armenia,AM
1993,,Armenia,AM
1992,,Armenia,AM
1991,,Armenia,AM
1990,,Armenia,AM
