ano,valor,pais,codigo_pais
2024,,Aruba,AW
2023,100.0,Aruba,AW
2022,100.0,Aruba,AW
2021,100.0,Aruba,AW
2020,100.0,Aruba,AW
2019,100.0,Aruba,AW
2018,100.0,Aruba,AW
2017,100.0,Aruba,AW
2016,100.0,Aruba,AW
2015,100.0,Aruba,AW
2014,100.0,Aruba,AW
2013,100.0,Aruba,AW
2012,100.0,Aruba,AW
2011,100.0,Aruba,AW
2010,100.0,Aruba,AW
2009,100.0,Aruba,AW
2008,100.0,Aruba,AW
2007,100.0,Aruba,AW
2006,100.0,Aruba,AW
2005,100.0,Aruba,AW
2004,100.0,Aruba,AW
2003,100.0,Aruba,AW
2002,100.0,Aruba,AW
2001,100.0,Aruba,AW
2000,100.0,Aruba,AW
1999,100.0,Aruba,AW
1998,100.0,Aruba,AW
1997,100.0,Aruba,AW
1996,100.0,Aruba,AW
1995,100.0,Aruba,AW
1994,100.0,Aruba,AW
1993,99.9903564453125,Aruba,AW
1992,99.966064453125,Aruba,AW
1991,99.9241333007813,Aruba,AW
1990,100.0,Aruba,AW
