ano,valor,pais,codigo_pais
2024,,Austria,AT
2023,100.0,Austria,AT
2022,100.0,Austria,AT
2021,100.0,Austria,AT
2020,100.0,Austria,AT
2019,100.0,Austria,AT
2018,100.0,Austria,AT
2017,100.0,Austria,AT
2016,100.0,Austria,AT
2015,100.0,Austria,AT
2014,100.0,Austria,AT
2013,100.0,Austria,AT
2012,100.0,Austria,AT
2011,100.0,Austria,AT
2010,100.0,Austria,AT
2009,100.0,Austria,AT
2008,100.0,Austria,AT
2007,100.0,Austria,AT
2006,100.0,Austria,AT
2005,100.0,Austria,AT
2004,100.0,Austria,AT
2003,100.0,Austria,AT
2002,100.0,Austria,AT
2001,100.0,Austria,AT
2000,100.0,Austria,AT
1999,100.0,Austria,AT
1998,100.0,Austria,AT
1997,100.0,Austria,AT
1996,100.0,Austria,AT
1995,100.0,Austria,AT
1994,100.0,Austria,AT
1993,100.0,Austria,AT
1992,100.0,Austria,AT
1991,100.0,Austria,AT
1990,100.0,Austria,AT
