ano,valor,pais,codigo_pais
2024,,Australia,AU
2023,100.0,Australia,AU
2022,100.0,Australia,AU
2021,100.0,Australia,AU
2020,100.0,Australia,AU
2019,100.0,Australia,AU
2018,100.0,Australia,AU
2017,100.0,Australia,AU
2016,100.0,Australia,AU
2015,100.0,Australia,AU
2014,100.0,Australia,AU
2013,100.0,Australia,AU
2012,100.0,Australia,AU
2011,100.0,Australia,AU
2010,100.0,Australia,AU
2009,100.0,Australia,AU
2008,100.0,Australia,AU
2007,100.0,Australia,AU
2006,100.0,Australia,AU
2005,100.0,Australia,AU
2004,100.0,Australia,AU
2003,100.0,Australia,AU
2002,100.0,Australia,AU
2001,100.0,Australia,AU
2000,100.0,Australia,AU
1999,100.0,Australia,AU
1998,100.0,Australia,AU
1997,100.0,Australia,AU
1996,100.0,Australia,AU
1995,100.0,Australia,AU
1994,100.0,Australia,AU
1993,100.0,Australia,AU
1992,100.0,Australia,AU
1991,100.0,Australia,AU
1990,100.0,Australia,AU
