ano,valor,pais,codigo_pais
2024,,Azerbaijan,AZ
2023,100.0,Azerbaijan,AZ
2022,100.0,Azerbaijan,AZ
2021,100.0,Azerbaijan,AZ
2020,100.0,Azerbaijan,AZ
2019,100.0,Azerbaijan,AZ
2018,100.0,Azerbaijan,AZ
2017,100.0,Azerbaijan,AZ
2016,100.0,Azerbaijan,AZ
2015,100.0,Azerbaijan,AZ
2014,100.0,Azerbaijan,AZ
2013,100.0,Azerbaijan,AZ
2012,100.0,Azerbaijan,AZ
2011,99.9,Azerbaijan,AZ
2010,100.0,Azerbaijan,AZ
2009,99.9,Azerbaijan,AZ
2008,99.8,Azerbaijan,AZ
2007,99.7,Azerbaijan,AZ
2006,99.8,Azerbaijan,AZ
2005,99.6,Azerbaijan,AZ
2004,99.5,Azerbaijan,AZ
2003,99.5,Azerbaijan,AZ
2002,99.5,Azerbaijan,AZ
2001,99.5,Azerbaijan,AZ
2000,99.7,Azerbaijan,AZ
1999,99.5551452636719,Azerbaijan,AZ
1998,,Azerbaijan,AZ
1997,,Azerbaijan,AZ
1996,,Azerbaijan,AZ
1995,,Azerbaijan,AZ
1994,,Azerbaijan,AZ
1993,,Azerbaijan,AZ
1992,,Azerbaijan,AZ
1991,,Azerbaijan,AZ
1990,,Azerbaijan,AZ
