ano,valor,pais,codigo_pais
2024,,"Bahamas, The",BS
2023,100.0,"Bahamas, The",BS
2022,100.0,"Bahamas, The",BS
2021,100.0,"Bahamas, The",BS
2020,100.0,"Bahamas, The",BS
2019,100.0,"Bahamas, The",BS
2018,100.0,"Bahamas, The",BS
2017,100.0,"Bahamas, The",BS
2016,100.0,"Bahamas, The",BS
2015,100.0,"Bahamas, The",BS
2014,100.0,"Bahamas, The",BS
2013,100.0,"Bahamas, The",BS
2012,100.0,"Bahamas, The",BS
2011,100.0,"Bahamas, The",BS
2010,100.0,"Bahamas, The",BS
2009,100.0,"Bahamas, The",BS
2008,100.0,"Bahamas, The",BS
2007,100.0,"Bahamas, The",BS
2006,100.0,"Bahamas, The",BS
2005,100.0,"Bahamas, The",BS
2004,100.0,"Bahamas, The",BS
2003,100.0,"Bahamas, The",BS
2002,100.0,"Bahamas, The",BS
2001,100.0,"Bahamas, The",BS
2000,100.0,"Bahamas, The",BS
1999,100.0,"Bahamas, The",BS
1998,100.0,"Bahamas, The",BS
1997,100.0,"Bahamas, The",BS
1996,100.0,"Bahamas, The",BS
1995,100.0,"Bahamas, The",BS
1994,100.0,"Bahamas, The",BS
1993,100.0,"Bahamas, The",BS
1992,100.0,"Bahamas, The",BS
1991,100.0,"Bahamas, The",BS
1990,100.0,"Bahamas, The",BS
