ano,valor,pais,codigo_pais
2024,,Bahrain,BH
2023,100.0,Bahrain,BH
2022,100.0,Bahrain,BH
2021,100.0,Bahrain,BH
2020,100.0,Bahrain,BH
2019,100.0,Bahrain,BH
2018,100.0,Bahrain,BH
2017,100.0,Bahrain,BH
2016,100.0,Bahrain,BH
2015,100.0,Bahrain,BH
2014,100.0,Bahrain,BH
2013,100.0,Bahrain,BH
2012,100.0,Bahrain,BH
2011,100.0,Bahrain,BH
2010,100.0,Bahrain,BH
2009,100.0,Bahrain,BH
2008,100.0,Bahrain,BH
2007,100.0,Bahrain,BH
2006,100.0,Bahrain,BH
2005,100.0,Bahrain,BH
2004,100.0,Bahrain,BH
2003,100.0,Bahrain,BH
2002,100.0,Bahrain,BH
2001,100.0,Bahrain,BH
2000,100.0,Bahrain,BH
1999,100.0,Bahrain,BH
1998,100.0,Bahrain,BH
1997,100.0,Bahrain,BH
1996,100.0,Bahrain,BH
1995,100.0,Bahrain,BH
1994,100.0,Bahrain,BH
1993,100.0,Bahrain,BH
1992,100.0,Bahrain,BH
1991,100.0,Bahrain,BH
1990,100.0,Bahrain,BH
