ano,valor,pais,codigo_pais
2024,,Bangladesh,BD
2023,99.5,Bangladesh,BD
2022,100.0,Bangladesh,BD
2021,99.7,Bangladesh,BD
2020,97.8,Bangladesh,BD
2019,97.8,Bangladesh,BD
2018,96.6,Bangladesh,BD
2017,99.5,Bangladesh,BD
2016,94.0,Bangladesh,BD
2015,93.6,Bangladesh,BD
2014,90.7,Bangladesh,BD
2013,88.0,Bangladesh,BD
2012,90.6,Bangladesh,BD
2011,90.2,Bangladesh,BD
2010,90.1,Bangladesh,BD
2009,86.4,Bangladesh,BD
2008,85.2,Bangladesh,BD
2007,82.1,Bangladesh,BD
2006,77.8,Bangladesh,BD
2005,82.6,Bangladesh,BD
2004,76.6,Bangladesh,BD
2003,79.7,Bangladesh,BD
2002,78.7,Bangladesh,BD
2001,77.6,Bangladesh,BD
2000,81.2,Bangladesh,BD
1999,75.4895477294922,Bangladesh,BD
1998,74.4094772338867,Bangladesh,BD
1997,79.5,Bangladesh,BD
1996,72.1895065307617,Bangladesh,BD
1995,71.0542449951172,Bangladesh,BD
1994,75.2,Bangladesh,BD
1993,68.7489700317383,Bangladesh,BD
1992,67.5852737426758,Bangladesh,BD
1991,58.060595224431,Bangladesh,BD
1990,,Bangladesh,BD
