ano,valor,pais,codigo_pais
2024,,Barbados,BB
2023,100.0,Barbados,BB
2022,100.0,Barbados,BB
2021,100.0,Barbados,BB
2020,100.0,Barbados,BB
2019,100.0,Barbados,BB
2018,100.0,Barbados,BB
2017,100.0,Barbados,BB
2016,100.0,Barbados,BB
2015,100.0,Barbados,BB
2014,100.0,Barbados,BB
2013,100.0,Barbados,BB
2012,100.0,Barbados,BB
2011,100.0,Barbados,BB
2010,100.0,Barbados,BB
2009,100.0,Barbados,BB
2008,100.0,Barbados,BB
2007,100.0,Barbados,BB
2006,100.0,Barbados,BB
2005,99.8,Barbados,BB
2004,99.8,Barbados,BB
2003,99.9,Barbados,BB
2002,100.0,Barbados,BB
2001,100.0,Barbados,BB
2000,100.0,Barbados,BB
1999,100.0,Barbados,BB
1998,100.0,Barbados,BB
1997,100.0,Barbados,BB
1996,100.0,Barbados,BB
1995,100.0,Barbados,BB
1994,100.0,Barbados,BB
1993,100.0,Barbados,BB
1992,100.0,Barbados,BB
1991,100.0,Barbados,BB
1990,100.0,Barbados,BB
