ano,valor,pais,codigo_pais
2024,,Belarus,BY
2023,100.0,Belarus,BY
2022,100.0,Belarus,BY
2021,100.0,Belarus,BY
2020,100.0,Belarus,BY
2019,100.0,Belarus,BY
2018,99.7,Belarus,BY
2017,99.3,Belarus,BY
2016,99.0,Belarus,BY
2015,98.6,Belarus,BY
2014,98.3,Belarus,BY
2013,97.9,Belarus,BY
2012,97.5,Belarus,BY
2011,97.1,Belarus,BY
2010,96.6,Belarus,BY
2009,96.2,Belarus,BY
2008,95.8,Belarus,BY
2007,95.4,Belarus,BY
2006,95.0,Belarus,BY
2005,94.6,Belarus,BY
2004,94.3,Belarus,BY
2003,94.0,Belarus,BY
2002,93.7,Belarus,BY
2001,93.4,Belarus,BY
2000,93.1,Belarus,BY
1999,100.0,Belarus,BY
1998,100.0,Belarus,BY
1997,100.0,Belarus,BY
1996,100.0,Belarus,BY
1995,100.0,Belarus,BY
1994,100.0,Belarus,BY
1993,100.0,Belarus,BY
1992,100.0,Belarus,BY
1991,100.0,Belarus,BY
1990,100.0,Belarus,BY
