ano,valor,pais,codigo_pais
2024,,Belgium,BE
2023,100.0,Belgium,BE
2022,100.0,Belgium,BE
2021,100.0,Belgium,BE
2020,100.0,Belgium,BE
2019,100.0,Belgium,BE
2018,100.0,Belgium,BE
2017,100.0,Belgium,BE
2016,100.0,Belgium,BE
2015,100.0,Belgium,BE
2014,100.0,Belgium,BE
2013,100.0,Belgium,BE
2012,100.0,Belgium,BE
2011,100.0,Belgium,BE
2010,100.0,Belgium,BE
2009,100.0,Belgium,BE
2008,100.0,Belgium,BE
2007,100.0,Belgium,BE
2006,100.0,Belgium,BE
2005,100.0,Belgium,BE
2004,100.0,Belgium,BE
2003,100.0,Belgium,BE
2002,100.0,Belgium,BE
2001,100.0,Belgium,BE
2000,100.0,Belgium,BE
1999,100.0,Belgium,BE
1998,100.0,Belgium,BE
1997,100.0,Belgium,BE
1996,100.0,Belgium,BE
1995,100.0,Belgium,BE
1994,100.0,Belgium,BE
1993,100.0,Belgium,BE
1992,100.0,Belgium,BE
1991,100.0,Belgium,BE
1990,100.0,Belgium,BE
