ano,valor,pais,codigo_pais
2024,,Belize,BZ
2023,99.8,Belize,BZ
2022,98.4,Belize,BZ
2021,98.4,Belize,BZ
2020,98.3,Belize,BZ
2019,98.5,Belize,BZ
2018,97.9,Belize,BZ
2017,98.0,Belize,BZ
2016,97.9,Belize,BZ
2015,96.9,Belize,BZ
2014,97.6,Belize,BZ
2013,97.4,Belize,BZ
2012,97.2,Belize,BZ
2011,96.3,Belize,BZ
2010,97.0,Belize,BZ
2009,96.6,Belize,BZ
2008,96.4,Belize,BZ
2007,96.3,Belize,BZ
2006,98.1,Belize,BZ
2005,96.0,Belize,BZ
2004,95.9,Belize,BZ
2003,95.8,Belize,BZ
2002,95.7,Belize,BZ
2001,95.6,Belize,BZ
2000,95.0,Belize,BZ
1999,95.4625244140625,Belize,BZ
1998,95.3590850830078,Belize,BZ
1997,95.2352066040039,Belize,BZ
1996,95.0923690795898,Belize,BZ
1995,94.9337387084961,Belize,BZ
1994,94.7624740600586,Belize,BZ
1993,94.5817260742188,Belize,BZ
1992,94.394660949707,Belize,BZ
1991,94.0,Belize,BZ
1990,,Belize,BZ
