ano,valor,pais,codigo_pais
2024,,Benin,BJ
2023,70.3,Benin,BJ
2022,71.1,Benin,BJ
2021,67.0,Benin,BJ
2020,66.1,Benin,BJ
2019,65.2,Benin,BJ
2018,64.3,Benin,BJ
2017,54.2,Benin,BJ
2016,62.5,Benin,BJ
2015,51.7,Benin,BJ
2014,55.8,Benin,BJ
2013,61.0,Benin,BJ
2012,68.6,Benin,BJ
2011,67.0,Benin,BJ
2010,65.4,Benin,BJ
2009,55.7,Benin,BJ
2008,54.7,Benin,BJ
2007,53.8,Benin,BJ
2006,56.6,Benin,BJ
2005,51.9,Benin,BJ
2004,51.0,Benin,BJ
2003,50.1,Benin,BJ
2002,49.2,Benin,BJ
2001,49.6,Benin,BJ
2000,47.5,Benin,BJ
1999,46.6010475158691,Benin,BJ
1998,45.7014350891113,Benin,BJ
1997,44.7813873291016,Benin,BJ
1996,34.4,Benin,BJ
1995,,Benin,BJ
1994,,Benin,BJ
1993,,Benin,BJ
1992,,Benin,BJ
1991,,Benin,BJ
1990,,Benin,BJ
