ano,valor,pais,codigo_pais
2024,,Bermuda,BM
2023,100.0,Bermuda,BM
2022,100.0,Bermuda,BM
2021,100.0,Bermuda,BM
2020,100.0,Bermuda,BM
2019,100.0,Bermuda,BM
2018,100.0,Bermuda,BM
2017,100.0,Bermuda,BM
2016,100.0,Bermuda,BM
2015,100.0,Bermuda,BM
2014,100.0,Bermuda,BM
2013,100.0,Bermuda,BM
2012,100.0,Bermuda,BM
2011,100.0,Bermuda,BM
2010,100.0,Bermuda,BM
2009,100.0,Bermuda,BM
2008,100.0,Bermuda,BM
2007,100.0,Bermuda,BM
2006,100.0,Bermuda,BM
2005,100.0,Bermuda,BM
2004,100.0,Bermuda,BM
2003,100.0,Bermuda,BM
2002,100.0,Bermuda,BM
2001,100.0,Bermuda,BM
2000,100.0,Bermuda,BM
1999,100.0,Bermuda,BM
1998,100.0,Bermuda,BM
1997,100.0,Bermuda,BM
1996,100.0,Bermuda,BM
1995,100.0,Bermuda,BM
1994,100.0,Bermuda,BM
1993,100.0,Bermuda,BM
1992,100.0,Bermuda,BM
1991,100.0,Bermuda,BM
1990,100.0,Bermuda,BM
