ano,valor,pais,codigo_pais
2024,,Bhutan,BT
2023,100.0,Bhutan,BT
2022,100.0,Bhutan,BT
2021,100.0,Bhutan,BT
2020,100.0,Bhutan,BT
2019,100.0,Bhutan,BT
2018,100.0,Bhutan,BT
2017,99.1,Bhutan,BT
2016,99.9,Bhutan,BT
2015,99.7,Bhutan,BT
2014,99.5,Bhutan,BT
2013,99.5,Bhutan,BT
2012,99.6,Bhutan,BT
2011,99.4,Bhutan,BT
2010,99.3,Bhutan,BT
2009,98.4,Bhutan,BT
2008,98.2,Bhutan,BT
2007,98.7,Bhutan,BT
2006,97.8,Bhutan,BT
2005,96.8,Bhutan,BT
2004,97.4,Bhutan,BT
2003,97.4,Bhutan,BT
2002,97.2,Bhutan,BT
2001,97.1,Bhutan,BT
2000,96.7,Bhutan,BT
1999,,Bhutan,BT
1998,,Bhutan,BT
1997,,Bhutan,BT
1996,,Bhutan,BT
1995,,Bhutan,BT
1994,,Bhutan,BT
1993,,Bhutan,BT
1992,,Bhutan,BT
1991,,Bhutan,BT
1990,,Bhutan,BT
