ano,valor,pais,codigo_pais
2024,,Bolivia,BO
2023,99.9,Bolivia,BO
2022,100.0,Bolivia,BO
2021,100.0,Bolivia,BO
2020,99.9,Bolivia,BO
2019,99.5,Bolivia,BO
2018,99.5,Bolivia,BO
2017,99.4,Bolivia,BO
2016,99.5,Bolivia,BO
2015,99.5,Bolivia,BO
2014,99.3,Bolivia,BO
2013,99.5,Bolivia,BO
2012,99.2,Bolivia,BO
2011,99.1,Bolivia,BO
2010,98.8,Bolivia,BO
2009,98.9,Bolivia,BO
2008,99.2,Bolivia,BO
2007,98.2,Bolivia,BO
2006,95.2,Bolivia,BO
2005,89.9,Bolivia,BO
2004,96.1,Bolivia,BO
2003,94.0,Bolivia,BO
2002,88.6,Bolivia,BO
2001,94.2,Bolivia,BO
2000,95.8,Bolivia,BO
1999,97.837216,Bolivia,BO
1998,96.1,Bolivia,BO
1997,95.815075,Bolivia,BO
1996,96.7,Bolivia,BO
1995,94.3611602783203,Bolivia,BO
1994,93.0,Bolivia,BO
1993,96.038393,Bolivia,BO
1992,94.571038,Bolivia,BO
1991,,Bolivia,BO
1990,,Bolivia,BO
