ano,valor,pais,codigo_pais
2024,,Botswana,BW
2023,97.7,Botswana,BW
2022,95.5,Botswana,BW
2021,93.1,Botswana,BW
2020,90.6,Botswana,BW
2019,88.0,Botswana,BW
2018,85.5,Botswana,BW
2017,84.0,Botswana,BW
2016,80.9,Botswana,BW
2015,79.6,Botswana,BW
2014,76.8,Botswana,BW
2013,74.8,Botswana,BW
2012,72.6,Botswana,BW
2011,69.1,Botswana,BW
2010,68.2,Botswana,BW
2009,60.8,Botswana,BW
2008,60.1,Botswana,BW
2007,56.9,Botswana,BW
2006,54.3,Botswana,BW
2005,51.7,Botswana,BW
2004,49.2,Botswana,BW
2003,46.7,Botswana,BW
2002,44.2,Botswana,BW
2001,37.0,Botswana,BW
2000,39.2,Botswana,BW
1999,36.5532760620117,Botswana,BW
1998,34.0024490356445,Botswana,BW
1997,31.431188583374,Botswana,BW
1996,28.840970993042,Botswana,BW
1995,26.234956741333,Botswana,BW
1994,23.616304397583,Botswana,BW
1993,20.9881744384766,Botswana,BW
1992,18.3537273406982,Botswana,BW
1991,17.5,Botswana,BW
1990,,Botswana,BW
