ano,valor,pais,codigo_pais
2024,,Bulgaria,BG
2023,100.0,Bulgaria,BG
2022,100.0,Bulgaria,BG
2021,99.9,Bulgaria,BG
2020,99.8,Bulgaria,BG
2019,99.4,Bulgaria,BG
2018,99.1,Bulgaria,BG
2017,98.8,Bulgaria,BG
2016,98.4,Bulgaria,BG
2015,98.1,Bulgaria,BG
2014,97.8,Bulgaria,BG
2013,97.5,Bulgaria,BG
2012,97.1,Bulgaria,BG
2011,96.6,Bulgaria,BG
2010,96.2,Bulgaria,BG
2009,95.7,Bulgaria,BG
2008,95.3,Bulgaria,BG
2007,95.0,Bulgaria,BG
2006,94.6,Bulgaria,BG
2005,94.2,Bulgaria,BG
2004,93.9,Bulgaria,BG
2003,93.6,Bulgaria,BG
2002,93.3,Bulgaria,BG
2001,93.0,Bulgaria,BG
2000,92.8,Bulgaria,BG
1999,100.0,Bulgaria,BG
1998,100.0,Bulgaria,BG
1997,100.0,Bulgaria,BG
1996,100.0,Bulgaria,BG
1995,100.0,Bulgaria,BG
1994,100.0,Bulgaria,BG
1993,100.0,Bulgaria,BG
1992,100.0,Bulgaria,BG
1991,100.0,Bulgaria,BG
1990,100.0,Bulgaria,BG
