ano,valor,pais,codigo_pais
2024,,Burundi,BI
2023,65.0,Burundi,BI
2022,64.0,Burundi,BI
2021,62.8,Burundi,BI
2020,60.5,Burundi,BI
2019,60.8,Burundi,BI
2018,59.8,Burundi,BI
2017,61.8,Burundi,BI
2016,57.6,Burundi,BI
2015,56.5,Burundi,BI
2014,52.1,Burundi,BI
2013,52.4,Burundi,BI
2012,58.5,Burundi,BI
2011,53.4,Burundi,BI
2010,49.0,Burundi,BI
2009,52.6,Burundi,BI
2008,39.6,Burundi,BI
2007,51.8,Burundi,BI
2006,51.5,Burundi,BI
2005,45.0,Burundi,BI
2004,50.8,Burundi,BI
2003,50.5,Burundi,BI
2002,50.2,Burundi,BI
2001,49.9,Burundi,BI
2000,49.6,Burundi,BI
1999,50.5398025512695,Burundi,BI
1998,60.6,Burundi,BI
1997,,Burundi,BI
1996,,Burundi,BI
1995,,Burundi,BI
1994,,Burundi,BI
1993,,Burundi,BI
1992,,Burundi,BI
1991,,Burundi,BI
1990,,Burundi,BI
