ano,valor,pais,codigo_pais
2024,,Cameroon,CM
2023,95.8,Cameroon,CM
2022,94.0,Cameroon,CM
2021,94.7,Cameroon,CM
2020,93.9,Cameroon,CM
2019,93.1,Cameroon,CM
2018,90.0,Cameroon,CM
2017,91.4,Cameroon,CM
2016,90.6,Cameroon,CM
2015,89.8,Cameroon,CM
2014,89.2,Cameroon,CM
2013,88.5,Cameroon,CM
2012,88.2,Cameroon,CM
2011,87.5,Cameroon,CM
2010,87.4,Cameroon,CM
2009,84.4,Cameroon,CM
2008,83.5,Cameroon,CM
2007,90.4,Cameroon,CM
2006,73.0,Cameroon,CM
2005,80.9,Cameroon,CM
2004,77.1,Cameroon,CM
2003,79.3,Cameroon,CM
2002,78.5,Cameroon,CM
2001,84.0,Cameroon,CM
2000,79.0,Cameroon,CM
1999,76.1472473144531,Cameroon,CM
1998,79.0,Cameroon,CM
1997,74.489860534668,Cameroon,CM
1996,73.6319961547852,Cameroon,CM
1995,72.7583389282227,Cameroon,CM
1994,71.8720397949219,Cameroon,CM
1993,70.9762649536133,Cameroon,CM
1992,70.0741653442383,Cameroon,CM
1991,63.0,Cameroon,CM
1990,,Cameroon,CM
