ano,valor,pais,codigo_pais
2024,,Canada,CA
2023,100.0,Canada,CA
2022,100.0,Canada,CA
2021,100.0,Canada,CA
2020,100.0,Canada,CA
2019,100.0,Canada,CA
2018,100.0,Canada,CA
2017,100.0,Canada,CA
2016,100.0,Canada,CA
2015,100.0,Canada,CA
2014,100.0,Canada,CA
2013,100.0,Canada,CA
2012,100.0,Canada,CA
2011,100.0,Canada,CA
2010,100.0,Canada,CA
2009,100.0,Canada,CA
2008,100.0,Canada,CA
2007,100.0,Canada,CA
2006,100.0,Canada,CA
2005,100.0,Canada,CA
2004,100.0,Canada,CA
2003,100.0,Canada,CA
2002,100.0,Canada,CA
2001,100.0,Canada,CA
2000,100.0,Canada,CA
1999,100.0,Canada,CA
1998,100.0,Canada,CA
1997,100.0,Canada,CA
1996,100.0,Canada,CA
1995,100.0,Canada,CA
1994,100.0,Canada,CA
1993,100.0,Canada,CA
1992,100.0,Canada,CA
1991,100.0,Canada,CA
1990,100.0,Canada,CA
