ano,valor,pais,codigo_pais
2024,,Chile,CL
2023,100.0,Chile,CL
2022,100.0,Chile,CL
2021,100.0,Chile,CL
2020,100.0,Chile,CL
2019,100.0,Chile,CL
2018,100.0,Chile,CL
2017,99.8,Chile,CL
2016,100.0,Chile,CL
2015,99.9,Chile,CL
2014,100.0,Chile,CL
2013,99.8,Chile,CL
2012,100.0,Chile,CL
2011,99.9,Chile,CL
2010,99.7,Chile,CL
2009,99.9,Chile,CL
2008,99.5,Chile,CL
2007,99.5,Chile,CL
2006,99.8,Chile,CL
2005,99.4,Chile,CL
2004,99.4,Chile,CL
2003,99.7,Chile,CL
2002,99.5,Chile,CL
2001,99.5,Chile,CL
2000,99.8,Chile,CL
1999,99.5701675415039,Chile,CL
1998,99.667146,Chile,CL
1997,99.5615158081055,Chile,CL
1996,99.441775,Chile,CL
1995,99.4787292480469,Chile,CL
1994,99.4167938232422,Chile,CL
1993,99.3453903198242,Chile,CL
1992,99.107534,Chile,CL
1991,99.1867752075195,Chile,CL
1990,98.846714,Chile,CL
