ano,valor,pais,codigo_pais
2024,,China,CN
2023,100.0,China,CN
2022,100.0,China,CN
2021,100.0,China,CN
2020,100.0,China,CN
2019,100.0,China,CN
2018,100.0,China,CN
2017,100.0,China,CN
2016,100.0,China,CN
2015,100.0,China,CN
2014,100.0,China,CN
2013,100.0,China,CN
2012,100.0,China,CN
2011,100.0,China,CN
2010,100.0,China,CN
2009,100.0,China,CN
2008,100.0,China,CN
2007,99.9,China,CN
2006,99.8,China,CN
2005,99.8,China,CN
2004,99.7,China,CN
2003,99.7,China,CN
2002,99.7,China,CN
2001,99.7,China,CN
2000,100.0,China,CN
1999,,China,CN
1998,,China,CN
1997,,China,CN
1996,,China,CN
1995,,China,CN
1994,,China,CN
1993,,China,CN
1992,,China,CN
1991,,China,CN
1990,,China,CN
