ano,valor,pais,codigo_pais
2024,,Colombia,CO
2023,100.0,Colombia,CO
2022,100.0,Colombia,CO
2021,100.0,Colombia,CO
2020,100.0,Colombia,CO
2019,100.0,Colombia,CO
2018,99.9,Colombia,CO
2017,99.9,Colombia,CO
2016,99.8,Colombia,CO
2015,99.8,Colombia,CO
2014,99.8,Colombia,CO
2013,99.8,Colombia,CO
2012,99.7,Colombia,CO
2011,99.8,Colombia,CO
2010,99.8,Colombia,CO
2009,99.6,Colombia,CO
2008,99.7,Colombia,CO
2007,99.3,Colombia,CO
2006,99.2,Colombia,CO
2005,99.3,Colombia,CO
2004,99.2,Colombia,CO
2003,99.2,Colombia,CO
2002,99.2,Colombia,CO
2001,99.9,Colombia,CO
2000,99.4,Colombia,CO
1999,99.2403564453125,Colombia,CO
1998,99.2273712158203,Colombia,CO
1997,99.1939544677734,Colombia,CO
1996,99.1415786743164,Colombia,CO
1995,99.2,Colombia,CO
1994,98.9925918579102,Colombia,CO
1993,98.9023056030273,Colombia,CO
1992,98.8057022094727,Colombia,CO
1991,98.7059326171875,Colombia,CO
1990,97.9,Colombia,CO
