ano,valor,pais,codigo_pais
2024,,Comoros,KM
2023,98.3,Comoros,KM
2022,100.0,Comoros,KM
2021,100.0,Comoros,KM
2020,99.0,Comoros,KM
2019,97.3,Comoros,KM
2018,95.6,Comoros,KM
2017,93.9,Comoros,KM
2016,92.2,Comoros,KM
2015,90.5,Comoros,KM
2014,88.7,Comoros,KM
2013,87.0,Comoros,KM
2012,85.1,Comoros,KM
2011,84.9,Comoros,KM
2010,85.0,Comoros,KM
2009,79.8,Comoros,KM
2008,78.0,Comoros,KM
2007,76.3,Comoros,KM
2006,74.5,Comoros,KM
2005,72.8,Comoros,KM
2004,71.1,Comoros,KM
2003,69.4,Comoros,KM
2002,74.6,Comoros,KM
2001,66.0,Comoros,KM
2000,64.4,Comoros,KM
1999,62.5594367980957,Comoros,KM
1998,60.8158149719238,Comoros,KM
1997,59.0517616271973,Comoros,KM
1996,51.8,Comoros,KM
1995,,Comoros,KM
1994,,Comoros,KM
1993,,Comoros,KM
1992,,Comoros,KM
1991,,Comoros,KM
1990,,Comoros,KM
