ano,valor,pais,codigo_pais
2024,,"Congo, Dem. Rep.",CD
2023,55.6,"Congo, Dem. Rep.",CD
2022,45.3,"Congo, Dem. Rep.",CD
2021,43.8,"Congo, Dem. Rep.",CD
2020,42.8,"Congo, Dem. Rep.",CD
2019,41.2,"Congo, Dem. Rep.",CD
2018,40.8,"Congo, Dem. Rep.",CD
2017,39.7,"Congo, Dem. Rep.",CD
2016,38.6,"Congo, Dem. Rep.",CD
2015,37.5,"Congo, Dem. Rep.",CD
2014,42.0,"Congo, Dem. Rep.",CD
2013,42.5,"Congo, Dem. Rep.",CD
2012,40.8,"Congo, Dem. Rep.",CD
2011,39.4,"Congo, Dem. Rep.",CD
2010,37.8,"Congo, Dem. Rep.",CD
2009,36.2,"Congo, Dem. Rep.",CD
2008,34.6,"Congo, Dem. Rep.",CD
2007,36.6,"Congo, Dem. Rep.",CD
2006,31.4,"Congo, Dem. Rep.",CD
2005,30.0,"Congo, Dem. Rep.",CD
2004,28.4,"Congo, Dem. Rep.",CD
2003,26.9,"Congo, Dem. Rep.",CD
2002,25.4,"Congo, Dem. Rep.",CD
2001,23.9,"Congo, Dem. Rep.",CD
2000,20.0,"Congo, Dem. Rep.",CD
1999,,"Congo, Dem. Rep.",CD
1998,,"Congo, Dem. Rep.",CD
1997,,"Congo, Dem. Rep.",CD
1996,,"Congo, Dem. Rep.",CD
1995,,"Congo, Dem. Rep.",CD
1994,,"Congo, Dem. Rep.",CD
1993,,"Congo, Dem. Rep.",CD
1992,,"Congo, Dem. Rep.",CD
1991,,"Congo, Dem. Rep.",CD
1990,,"Congo, Dem. Rep.",CD
