ano,valor,pais,codigo_pais
2024,,"Congo, Rep.",CG
2023,69.4,"Congo, Rep.",CG
2022,67.5,"Congo, Rep.",CG
2021,67.0,"Congo, Rep.",CG
2020,66.2,"Congo, Rep.",CG
2019,65.3,"Congo, Rep.",CG
2018,64.5,"Congo, Rep.",CG
2017,63.6,"Congo, Rep.",CG
2016,62.7,"Congo, Rep.",CG
2015,61.8,"Congo, Rep.",CG
2014,61.0,"Congo, Rep.",CG
2013,60.1,"Congo, Rep.",CG
2012,58.9,"Congo, Rep.",CG
2011,58.1,"Congo, Rep.",CG
2010,57.1,"Congo, Rep.",CG
2009,53.6,"Congo, Rep.",CG
2008,53.8,"Congo, Rep.",CG
2007,52.8,"Congo, Rep.",CG
2006,51.8,"Congo, Rep.",CG
2005,50.8,"Congo, Rep.",CG
2004,49.9,"Congo, Rep.",CG
2003,49.0,"Congo, Rep.",CG
2002,48.0,"Congo, Rep.",CG
2001,47.1,"Congo, Rep.",CG
2000,46.2,"Congo, Rep.",CG
1999,,"Congo, Rep.",CG
1998,,"Congo, Rep.",CG
1997,,"Congo, Rep.",CG
1996,,"Congo, Rep.",CG
1995,,"Congo, Rep.",CG
1994,,"Congo, Rep.",CG
1993,,"Congo, Rep.",CG
1992,,"Congo, Rep.",CG
1991,,"Congo, Rep.",CG
1990,,"Congo, Rep.",CG
