ano,valor,pais,codigo_pais
2024,,Cote d'Ivoire,CI
2023,93.9,Cote d'Ivoire,CI
2022,95.0,Cote d'Ivoire,CI
2021,94.9,Cote d'Ivoire,CI
2020,94.3,Cote d'Ivoire,CI
2019,93.7,Cote d'Ivoire,CI
2018,93.1,Cote d'Ivoire,CI
2017,92.5,Cote d'Ivoire,CI
2016,92.0,Cote d'Ivoire,CI
2015,86.5,Cote d'Ivoire,CI
2014,90.6,Cote d'Ivoire,CI
2013,89.9,Cote d'Ivoire,CI
2012,88.1,Cote d'Ivoire,CI
2011,88.1,Cote d'Ivoire,CI
2010,87.9,Cote d'Ivoire,CI
2009,87.2,Cote d'Ivoire,CI
2008,88.8,Cote d'Ivoire,CI
2007,85.8,Cote d'Ivoire,CI
2006,91.2,Cote d'Ivoire,CI
2005,86.4,Cote d'Ivoire,CI
2004,83.9,Cote d'Ivoire,CI
2003,83.3,Cote d'Ivoire,CI
2002,82.7,Cote d'Ivoire,CI
2001,82.1,Cote d'Ivoire,CI
2000,81.6,Cote d'Ivoire,CI
1999,85.9,Cote d'Ivoire,CI
1998,80.329231262207,Cote d'Ivoire,CI
1997,79.6961898803711,Cote d'Ivoire,CI
1996,79.044189453125,Cote d'Ivoire,CI
1995,78.3763961791992,Cote d'Ivoire,CI
1994,69.7,Cote d'Ivoire,CI
1993,,Cote d'Ivoire,CI
1992,,Cote d'Ivoire,CI
1991,,Cote d'Ivoire,CI
1990,,Cote d'Ivoire,CI
