ano,valor,pais,codigo_pais
2024,,Cuba,CU
2023,100.0,Cuba,CU
2022,100.0,Cuba,CU
2021,100.0,Cuba,CU
2020,100.0,Cuba,CU
2019,99.9,Cuba,CU
2018,100.0,Cuba,CU
2017,100.0,Cuba,CU
2016,100.0,Cuba,CU
2015,100.0,Cuba,CU
2014,100.0,Cuba,CU
2013,100.0,Cuba,CU
2012,100.0,Cuba,CU
2011,99.9,Cuba,CU
2010,99.8,Cuba,CU
2009,99.8,Cuba,CU
2008,99.7,Cuba,CU
2007,99.6,Cuba,CU
2006,99.6,Cuba,CU
2005,99.6,Cuba,CU
2004,99.6,Cuba,CU
2003,99.6,Cuba,CU
2002,99.7,Cuba,CU
2001,99.7,Cuba,CU
2000,100.0,Cuba,CU
1999,,Cuba,CU
1998,,Cuba,CU
1997,,Cuba,CU
1996,,Cuba,CU
1995,,Cuba,CU
1994,,Cuba,CU
1993,,Cuba,CU
1992,,Cuba,CU
1991,,Cuba,CU
1990,,Cuba,CU
