ano,valor,pais,codigo_pais
2024,,Curacao,CW
2023,100.0,Curacao,CW
2022,100.0,Curacao,CW
2021,100.0,Curacao,CW
2020,100.0,Curacao,CW
2019,100.0,Curacao,CW
2018,100.0,Curacao,CW
2017,100.0,Curacao,CW
2016,100.0,Curacao,CW
2015,100.0,Curacao,CW
2014,100.0,Curacao,CW
2013,100.0,Curacao,CW
2012,100.0,Curacao,CW
2011,100.0,Curacao,CW
2010,100.0,Curacao,CW
2009,99.7,Curacao,CW
2008,99.6,Curacao,CW
2007,99.5,Curacao,CW
2006,99.5,Curacao,CW
2005,99.5,Curacao,CW
2004,99.5,Curacao,CW
2003,99.5,Curacao,CW
2002,99.5,Curacao,CW
2001,99.6,Curacao,CW
2000,99.6,Curacao,CW
1999,99.8338317871094,Curacao,CW
1998,99.8545455932617,Curacao,CW
1997,99.8548278808594,Curacao,CW
1996,99.8361511230469,Curacao,CW
1995,99.8016738891602,Curacao,CW
1994,99.7545623779297,Curacao,CW
1993,99.6979751586914,Curacao,CW
1992,99.6350708007813,Curacao,CW
1991,99.5690002441406,Curacao,CW
1990,99.5024108886719,Curacao,CW
