ano,valor,pais,codigo_pais
2024,,Cyprus,CY
2023,100.0,Cyprus,CY
2022,100.0,Cyprus,CY
2021,100.0,Cyprus,CY
2020,100.0,Cyprus,CY
2019,100.0,Cyprus,CY
2018,100.0,Cyprus,CY
2017,100.0,Cyprus,CY
2016,100.0,Cyprus,CY
2015,100.0,Cyprus,CY
2014,100.0,Cyprus,CY
2013,100.0,Cyprus,CY
2012,100.0,Cyprus,CY
2011,100.0,Cyprus,CY
2010,100.0,Cyprus,CY
2009,100.0,Cyprus,CY
2008,100.0,Cyprus,CY
2007,100.0,Cyprus,CY
2006,100.0,Cyprus,CY
2005,100.0,Cyprus,CY
2004,100.0,Cyprus,CY
2003,100.0,Cyprus,CY
2002,100.0,Cyprus,CY
2001,100.0,Cyprus,CY
2000,100.0,Cyprus,CY
1999,100.0,Cyprus,CY
1998,100.0,Cyprus,CY
1997,100.0,Cyprus,CY
1996,100.0,Cyprus,CY
1995,100.0,Cyprus,CY
1994,100.0,Cyprus,CY
1993,100.0,Cyprus,CY
1992,100.0,Cyprus,CY
1991,100.0,Cyprus,CY
1990,100.0,Cyprus,CY
