ano,valor,pais,codigo_pais
2024,,Czechia,CZ
2023,100.0,Czechia,CZ
2022,100.0,Czechia,CZ
2021,100.0,Czechia,CZ
2020,100.0,Czechia,CZ
2019,100.0,Czechia,CZ
2018,100.0,Czechia,CZ
2017,100.0,Czechia,CZ
2016,100.0,Czechia,CZ
2015,100.0,Czechia,CZ
2014,100.0,Czechia,CZ
2013,100.0,Czechia,CZ
2012,100.0,Czechia,CZ
2011,100.0,Czechia,CZ
2010,100.0,Czechia,CZ
2009,100.0,Czechia,CZ
2008,100.0,Czechia,CZ
2007,100.0,Czechia,CZ
2006,100.0,Czechia,CZ
2005,99.8,Czechia,CZ
2004,99.9,Czechia,CZ
2003,99.9,Czechia,CZ
2002,100.0,Czechia,CZ
2001,100.0,Czechia,CZ
2000,100.0,Czechia,CZ
1999,100.0,Czechia,CZ
1998,100.0,Czechia,CZ
1997,100.0,Czechia,CZ
1996,100.0,Czechia,CZ
1995,100.0,Czechia,CZ
1994,100.0,Czechia,CZ
1993,100.0,Czechia,CZ
1992,100.0,Czechia,CZ
1991,100.0,Czechia,CZ
1990,100.0,Czechia,CZ
