ano,valor,pais,codigo_pais
2024,,Denmark,DK
2023,100.0,Denmark,DK
2022,100.0,Denmark,DK
2021,100.0,Denmark,DK
2020,100.0,Denmark,DK
2019,100.0,Denmark,DK
2018,100.0,Denmark,DK
2017,100.0,Denmark,DK
2016,100.0,Denmark,DK
2015,100.0,Denmark,DK
2014,100.0,Denmark,DK
2013,100.0,Denmark,DK
2012,100.0,Denmark,DK
2011,100.0,Denmark,DK
2010,100.0,Denmark,DK
2009,100.0,Denmark,DK
2008,100.0,Denmark,DK
2007,100.0,Denmark,DK
2006,100.0,Denmark,DK
2005,100.0,Denmark,DK
2004,100.0,Denmark,DK
2003,100.0,Denmark,DK
2002,100.0,Denmark,DK
2001,100.0,Denmark,DK
2000,100.0,Denmark,DK
1999,100.0,Denmark,DK
1998,100.0,Denmark,DK
1997,100.0,Denmark,DK
1996,100.0,Denmark,DK
1995,100.0,Denmark,DK
1994,100.0,Denmark,DK
1993,100.0,Denmark,DK
1992,100.0,Denmark,DK
1991,100.0,Denmark,DK
1990,100.0,Denmark,DK
