ano,valor,pais,codigo_pais
2024,,Djibouti,DJ
2023,74.6,Djibouti,DJ
2022,72.8,Djibouti,DJ
2021,73.5,Djibouti,DJ
2020,72.6,Djibouti,DJ
2019,71.6,Djibouti,DJ
2018,70.6,Djibouti,DJ
2017,70.0,Djibouti,DJ
2016,68.6,Djibouti,DJ
2015,67.9,Djibouti,DJ
2014,67.1,Djibouti,DJ
2013,66.4,Djibouti,DJ
2012,64.2,Djibouti,DJ
2011,64.8,Djibouti,DJ
2010,64.0,Djibouti,DJ
2009,63.1,Djibouti,DJ
2008,62.3,Djibouti,DJ
2007,61.5,Djibouti,DJ
2006,62.4,Djibouti,DJ
2005,60.0,Djibouti,DJ
2004,59.3,Djibouti,DJ
2003,58.6,Djibouti,DJ
2002,56.9,Djibouti,DJ
2001,57.2,Djibouti,DJ
2000,56.5,Djibouti,DJ
1999,55.7787132263184,Djibouti,DJ
1998,55.0564498901367,Djibouti,DJ
1997,54.3137550354004,Djibouti,DJ
1996,53.5521049499512,Djibouti,DJ
1995,,Djibouti,DJ
1994,,Djibouti,DJ
1993,,Djibouti,DJ
1992,,Djibouti,DJ
1991,,Djibouti,DJ
1990,,Djibouti,DJ
