ano,valor,pais,codigo_pais
2024,,Dominica,DM
2023,100.0,Dominica,DM
2022,100.0,Dominica,DM
2021,100.0,Dominica,DM
2020,100.0,Dominica,DM
2019,,Dominica,DM
2018,,Dominica,DM
2017,,Dominica,DM
2016,,Dominica,DM
2015,,Dominica,DM
2014,,Dominica,DM
2013,,Dominica,DM
2012,,Dominica,DM
2011,,Dominica,DM
2010,,Dominica,DM
2009,,Dominica,DM
2008,,Dominica,DM
2007,,Dominica,DM
2006,,Dominica,DM
2005,,Dominica,DM
2004,,Dominica,DM
2003,,Dominica,DM
2002,,Dominica,DM
2001,,Dominica,DM
2000,,Dominica,DM
1999,,Dominica,DM
1998,,Dominica,DM
1997,,Dominica,DM
1996,,Dominica,DM
1995,,Dominica,DM
1994,,Dominica,DM
1993,,Dominica,DM
1992,,Dominica,DM
1991,,Dominica,DM
1990,,Dominica,DM
