ano,valor,pais,codigo_pais
2024,,Eritrea,ER
2023,77.1,Eritrea,ER
2022,75.5,Eritrea,ER
2021,75.7,Eritrea,ER
2020,75.9,Eritrea,ER
2019,76.1,Eritrea,ER
2018,76.3,Eritrea,ER
2017,76.5,Eritrea,ER
2016,76.7,Eritrea,ER
2015,76.8,Eritrea,ER
2014,77.0,Eritrea,ER
2013,77.1,Eritrea,ER
2012,77.2,Eritrea,ER
2011,77.3,Eritrea,ER
2010,77.5,Eritrea,ER
2009,77.6,Eritrea,ER
2008,77.7,Eritrea,ER
2007,77.8,Eritrea,ER
2006,77.9,Eritrea,ER
2005,78.1,Eritrea,ER
2004,78.3,Eritrea,ER
2003,78.5,Eritrea,ER
2002,78.3,Eritrea,ER
2001,78.9,Eritrea,ER
2000,79.2,Eritrea,ER
1999,79.3735885620117,Eritrea,ER
1998,79.5958786010742,Eritrea,ER
1997,79.797737121582,Eritrea,ER
1996,79.9806365966797,Eritrea,ER
1995,80.6,Eritrea,ER
1994,,Eritrea,ER
1993,,Eritrea,ER
1992,,Eritrea,ER
1991,,Eritrea,ER
1990,,Eritrea,ER
