ano,valor,pais,codigo_pais
2024,,Estonia,EE
2023,100.0,Estonia,EE
2022,100.0,Estonia,EE
2021,100.0,Estonia,EE
2020,100.0,Estonia,EE
2019,100.0,Estonia,EE
2018,100.0,Estonia,EE
2017,100.0,Estonia,EE
2016,100.0,Estonia,EE
2015,100.0,Estonia,EE
2014,100.0,Estonia,EE
2013,100.0,Estonia,EE
2012,100.0,Estonia,EE
2011,100.0,Estonia,EE
2010,100.0,Estonia,EE
2009,100.0,Estonia,EE
2008,100.0,Estonia,EE
2007,100.0,Estonia,EE
2006,100.0,Estonia,EE
2005,99.8,Estonia,EE
2004,99.9,Estonia,EE
2003,99.9,Estonia,EE
2002,100.0,Estonia,EE
2001,100.0,Estonia,EE
2000,100.0,Estonia,EE
1999,100.0,Estonia,EE
1998,100.0,Estonia,EE
1997,100.0,Estonia,EE
1996,100.0,Estonia,EE
1995,100.0,Estonia,EE
1994,100.0,Estonia,EE
1993,100.0,Estonia,EE
1992,100.0,Estonia,EE
1991,100.0,Estonia,EE
1990,100.0,Estonia,EE
