ano,valor,pais,codigo_pais
2024,,Ethiopia,ET
2023,94.7,Ethiopia,ET
2022,94.0,Ethiopia,ET
2021,94.3,Ethiopia,ET
2020,93.5,Ethiopia,ET
2019,92.7,Ethiopia,ET
2018,91.8,Ethiopia,ET
2017,96.6,Ethiopia,ET
2016,85.4,Ethiopia,ET
2015,85.0,Ethiopia,ET
2014,92.0,Ethiopia,ET
2013,87.8,Ethiopia,ET
2012,87.1,Ethiopia,ET
2011,85.2,Ethiopia,ET
2010,85.6,Ethiopia,ET
2009,84.8,Ethiopia,ET
2008,84.0,Ethiopia,ET
2007,83.3,Ethiopia,ET
2006,82.6,Ethiopia,ET
2005,85.7,Ethiopia,ET
2004,81.2,Ethiopia,ET
2003,80.6,Ethiopia,ET
2002,79.9,Ethiopia,ET
2001,79.3,Ethiopia,ET
2000,76.2,Ethiopia,ET
1999,,Ethiopia,ET
1998,,Ethiopia,ET
1997,,Ethiopia,ET
1996,,Ethiopia,ET
1995,,Ethiopia,ET
1994,,Ethiopia,ET
1993,,Ethiopia,ET
1992,,Ethiopia,ET
1991,,Ethiopia,ET
1990,,Ethiopia,ET
