ano,valor,pais,codigo_pais
2024,,Fiji,FJ
2023,100.0,Fiji,FJ
2022,97.6,Fiji,FJ
2021,96.0,Fiji,FJ
2020,97.3,Fiji,FJ
2019,97.1,Fiji,FJ
2018,96.9,Fiji,FJ
2017,96.7,Fiji,FJ
2016,96.7,Fiji,FJ
2015,96.8,Fiji,FJ
2014,97.0,Fiji,FJ
2013,97.3,Fiji,FJ
2012,97.1,Fiji,FJ
2011,97.0,Fiji,FJ
2010,96.9,Fiji,FJ
2009,94.6,Fiji,FJ
2008,96.5,Fiji,FJ
2007,94.0,Fiji,FJ
2006,93.8,Fiji,FJ
2005,93.5,Fiji,FJ
2004,93.3,Fiji,FJ
2003,92.0,Fiji,FJ
2002,92.1,Fiji,FJ
2001,92.8,Fiji,FJ
2000,92.6,Fiji,FJ
1999,90.9774475097656,Fiji,FJ
1998,90.5315399169922,Fiji,FJ
1997,90.0651931762695,Fiji,FJ
1996,89.5798950195313,Fiji,FJ
1995,,Fiji,FJ
1994,,Fiji,FJ
1993,,Fiji,FJ
1992,,Fiji,FJ
1991,,Fiji,FJ
1990,,Fiji,FJ
