ano,valor,pais,codigo_pais
2024,,Finland,FI
2023,100.0,Finland,FI
2022,100.0,Finland,FI
2021,100.0,Finland,FI
2020,100.0,Finland,FI
2019,100.0,Finland,FI
2018,100.0,Finland,FI
2017,100.0,Finland,FI
2016,100.0,Finland,FI
2015,100.0,Finland,FI
2014,100.0,Finland,FI
2013,100.0,Finland,FI
2012,100.0,Finland,FI
2011,100.0,Finland,FI
2010,100.0,Finland,FI
2009,100.0,Finland,FI
2008,100.0,Finland,FI
2007,100.0,Finland,FI
2006,100.0,Finland,FI
2005,100.0,Finland,FI
2004,100.0,Finland,FI
2003,100.0,Finland,FI
2002,100.0,Finland,FI
2001,100.0,Finland,FI
2000,100.0,Finland,FI
1999,100.0,Finland,FI
1998,100.0,Finland,FI
1997,100.0,Finland,FI
1996,100.0,Finland,FI
1995,100.0,Finland,FI
1994,100.0,Finland,FI
1993,100.0,Finland,FI
1992,100.0,Finland,FI
1991,100.0,Finland,FI
1990,100.0,Finland,FI
