ano,valor,pais,codigo_pais
2024,,France,FR
2023,100.0,France,FR
2022,100.0,France,FR
2021,100.0,France,FR
2020,100.0,France,FR
2019,100.0,France,FR
2018,100.0,France,FR
2017,100.0,France,FR
2016,100.0,France,FR
2015,100.0,France,FR
2014,100.0,France,FR
2013,100.0,France,FR
2012,100.0,France,FR
2011,100.0,France,FR
2010,100.0,France,FR
2009,100.0,France,FR
2008,100.0,France,FR
2007,100.0,France,FR
2006,100.0,France,FR
2005,100.0,France,FR
2004,100.0,France,FR
2003,100.0,France,FR
2002,100.0,France,FR
2001,100.0,France,FR
2000,100.0,France,FR
1999,100.0,France,FR
1998,100.0,France,FR
1997,100.0,France,FR
1996,100.0,France,FR
1995,100.0,France,FR
1994,100.0,France,FR
1993,100.0,France,FR
1992,100.0,France,FR
1991,100.0,France,FR
1990,100.0,France,FR
