ano,valor,pais,codigo_pais
2024,,Germany,DE
2023,100.0,Germany,DE
2022,100.0,Germany,DE
2021,100.0,Germany,DE
2020,100.0,Germany,DE
2019,100.0,Germany,DE
2018,100.0,Germany,DE
2017,100.0,Germany,DE
2016,100.0,Germany,DE
2015,100.0,Germany,DE
2014,100.0,Germany,DE
2013,100.0,Germany,DE
2012,100.0,Germany,DE
2011,100.0,Germany,DE
2010,100.0,Germany,DE
2009,100.0,Germany,DE
2008,100.0,Germany,DE
2007,100.0,Germany,DE
2006,100.0,Germany,DE
2005,100.0,Germany,DE
2004,100.0,Germany,DE
2003,100.0,Germany,DE
2002,100.0,Germany,DE
2001,100.0,Germany,DE
2000,100.0,Germany,DE
1999,100.0,Germany,DE
1998,100.0,Germany,DE
1997,100.0,Germany,DE
1996,100.0,Germany,DE
1995,100.0,Germany,DE
1994,100.0,Germany,DE
1993,100.0,Germany,DE
1992,100.0,Germany,DE
1991,100.0,Germany,DE
1990,100.0,Germany,DE
