ano,valor,pais,codigo_pais
2024,,Spain,ES
2023,100.0,Spain,ES
2022,100.0,Spain,ES
2021,100.0,Spain,ES
2020,100.0,Spain,ES
2019,100.0,Spain,ES
2018,100.0,Spain,ES
2017,100.0,Spain,ES
2016,100.0,Spain,ES
2015,100.0,Spain,ES
2014,100.0,Spain,ES
2013,100.0,Spain,ES
2012,100.0,Spain,ES
2011,100.0,Spain,ES
2010,100.0,Spain,ES
2009,100.0,Spain,ES
2008,100.0,Spain,ES
2007,100.0,Spain,ES
2006,100.0,Spain,ES
2005,100.0,Spain,ES
2004,100.0,Spain,ES
2003,100.0,Spain,ES
2002,100.0,Spain,ES
2001,100.0,Spain,ES
2000,100.0,Spain,ES
1999,100.0,Spain,ES
1998,100.0,Spain,ES
1997,100.0,Spain,ES
1996,100.0,Spain,ES
1995,100.0,Spain,ES
1994,100.0,Spain,ES
1993,100.0,Spain,ES
1992,100.0,Spain,ES
1991,100.0,Spain,ES
1990,100.0,Spain,ES
