ano,valor,pais,codigo_pais
2024,,Switzerland,CH
2023,100.0,Switzerland,CH
2022,100.0,Switzerland,CH
2021,100.0,Switzerland,CH
2020,100.0,Switzerland,CH
2019,100.0,Switzerland,CH
2018,100.0,Switzerland,CH
2017,100.0,Switzerland,CH
2016,100.0,Switzerland,CH
2015,100.0,Switzerland,CH
2014,100.0,Switzerland,CH
2013,100.0,Switzerland,CH
2012,100.0,Switzerland,CH
2011,100.0,Switzerland,CH
2010,100.0,Switzerland,CH
2009,100.0,Switzerland,CH
2008,100.0,Switzerland,CH
2007,100.0,Switzerland,CH
2006,100.0,Switzerland,CH
2005,100.0,Switzerland,CH
2004,100.0,Switzerland,CH
2003,100.0,Switzerland,CH
2002,100.0,Switzerland,CH
2001,100.0,Switzerland,CH
2000,100.0,Switzerland,CH
1999,100.0,Switzerland,CH
1998,100.0,Switzerland,CH
1997,100.0,Switzerland,CH
1996,100.0,Switzerland,CH
1995,100.0,Switzerland,CH
1994,100.0,Switzerland,CH
1993,100.0,Switzerland,CH
1992,100.0,Switzerland,CH
1991,100.0,Switzerland,CH
1990,100.0,Switzerland,CH
