ano,valor,pais,codigo_pais
2024,,Angola,AO
2023,34656621950.2738,Angola,AO
2022,46344761973.8705,Angola,AO
2021,31753057845.2236,Angola,AO
2020,18583150428.118,Angola,AO
2019,28919814315.7895,Angola,AO
2018,32444713329.5102,Angola,AO
2017,21373167719.7176,Angola,AO
2016,14838933358.413,Angola,AO
2015,26926846081.4949,Angola,AO
2014,60770402473.2912,Angola,AO
2013,67158241199.6324,Angola,AO
2012,71632968360.9542,Angola,AO
2011,67822781239.1048,Angola,AO
2010,51572807437.8831,Angola,AO
2009,41310610391.3885,Angola,AO
2008,64168423018.915,Angola,AO
2007,44319670720.5054,Angola,AO
2006,33245117538.7161,Angola,AO
2005,24225651509.9701,Angola,AO
2004,13749775665.02,Angola,AO
2003,9676099609.87075,Angola,AO
2002,8725779778.62591,Angola,AO
2001,,Angola,AO
2000,,Angola,AO
1999,,Angola,AO
1998,,Angola,AO
1997,,Angola,AO
1996,,Angola,AO
1995,,Angola,AO
1994,,Angola,AO
1993,,Angola,AO
1992,,Angola,AO
1991,,Angola,AO
1990,,Angola,AO
