ano,valor,pais,codigo_pais
2024,,Argentina,AR
2023,82369725072.6446,Argentina,AR
2022,102815821983.44,Argentina,AR
2021,87906118244.6601,Argentina,AR
2020,64053810078.3073,Argentina,AR
2019,80259482469.139,Argentina,AR
2018,75766598613.0197,Argentina,AR
2017,72860557902.7631,Argentina,AR
2016,69842604407.3878,Argentina,AR
2015,63671789068.8987,Argentina,AR
2014,75818867911.0825,Argentina,AR
2013,80690471898.442,Argentina,AR
2012,88655850853.7721,Argentina,AR
2011,97809980730.5834,Argentina,AR
2010,80208867995.7171,Argentina,AR
2009,65133480388.4946,Argentina,AR
2008,79762958392.3012,Argentina,AR
2007,65162321195.025,Argentina,AR
2006,53550250227.3909,Argentina,AR
2005,46198180131.0044,Argentina,AR
2004,39266996605.7973,Argentina,AR
2003,33084505277.8061,Argentina,AR
2002,27736610298.2555,Argentina,AR
2001,31112418400.0,Argentina,AR
2000,31223690400.0,Argentina,AR
1999,27862300000.0,Argentina,AR
1998,31137200000.0,Argentina,AR
1997,30928400000.0,Argentina,AR
1996,28381400000.0,Argentina,AR
1995,24978532000.0,Argentina,AR
1994,19385100000.0,Argentina,AR
1993,16357317317.3173,Argentina,AR
1992,15095261860.4905,Argentina,AR
1991,14561091033.0362,Argentina,AR
1990,14643477444.549,Argentina,AR
