ano,valor,pais,codigo_pais
2024,,Australia,AU
2023,463106247223.68,Australia,AU
2022,431702961776.761,Australia,AU
2021,343364164705.654,Australia,AU
2020,319174580744.374,Australia,AU
2019,336477593836.115,Australia,AU
2018,312605804111.245,Australia,AU
2017,281774035049.614,Australia,AU
2016,232663011512.861,Australia,AU
2015,271152836560.501,Australia,AU
2014,309621975144.753,Australia,AU
2013,315055128030.195,Australia,AU
2012,332613569102.522,Australia,AU
2011,299823615768.297,Australia,AU
2010,227427026265.26,Australia,AU
2009,213717313259.647,Australia,AU
2008,212794797279.029,Australia,AU
2007,172570464002.512,Australia,AU
2006,148587374344.676,Australia,AU
2005,126785667301.888,Australia,AU
2004,105490823730.26,Australia,AU
2003,89138031450.2038,Australia,AU
2002,82033782309.5723,Australia,AU
2001,84096722017.0419,Australia,AU
2000,80695888525.1996,Australia,AU
1999,71285875422.9853,Australia,AU
1998,78166587533.0665,Australia,AU
1997,83327463879.3804,Australia,AU
1996,75814054769.3059,Australia,AU
1995,65793733293.7333,Australia,AU
1994,58015219647.1809,Australia,AU
1993,54747048903.8786,Australia,AU
1992,54226800318.0809,Australia,AU
1991,52248569798.3159,Australia,AU
1990,47071479854.3762,Australia,AU
