ano,valor,pais,codigo_pais
2024,,Azerbaijan,AZ
2023,35487352941.1765,Azerbaijan,AZ
2022,47274117647.0588,Azerbaijan,AZ
2021,25487647058.8235,Azerbaijan,AZ
2020,15208764705.8824,Azerbaijan,AZ
2019,23629764705.8824,Azerbaijan,AZ
2018,25484215746.0778,Azerbaijan,AZ
2017,19839874967.6816,Azerbaijan,AZ
2016,17580756547.8197,Azerbaijan,AZ
2015,20060045053.3105,Azerbaijan,AZ
2014,32558931187.3444,Azerbaijan,AZ
2013,35905452997.3577,Azerbaijan,AZ
2012,36912727758.7205,Azerbaijan,AZ
2011,37215171599.8511,Azerbaijan,AZ
2010,28732245203.09,Azerbaijan,AZ
2009,22870725058.8778,Azerbaijan,AZ
2008,32132494340.4494,Azerbaijan,AZ
2007,22516209778.5402,Azerbaijan,AZ
2006,13953852783.3275,Azerbaijan,AZ
2005,8336815027.37934,Azerbaijan,AZ
2004,4235083891.66131,Azerbaijan,AZ
2003,3056572037.1513,Azerbaijan,AZ
2002,2667039717.57852,Azerbaijan,AZ
2001,2368581267.17326,Azerbaijan,AZ
2000,2118053576.59715,Azerbaijan,AZ
1999,1281380721.40315,Azerbaijan,AZ
1998,1009304729.90437,Azerbaijan,AZ
1997,1150456356.05181,Azerbaijan,AZ
1996,791860069.072703,Azerbaijan,AZ
1995,785309767.998287,Azerbaijan,AZ
1994,294957728.987884,Azerbaijan,AZ
1993,902385596.3991,Azerbaijan,AZ
1992,383311808.118081,Azerbaijan,AZ
1991,2440000000.0,Azerbaijan,AZ
1990,3896969696.9697,Azerbaijan,AZ
