ano,valor,pais,codigo_pais
2024,,"Bahamas, The",BS
2023,5699000000.0,"Bahamas, The",BS
2022,5179300000.0,"Bahamas, The",BS
2021,3353500000.0,"Bahamas, The",BS
2020,2413900000.0,"Bahamas, The",BS
2019,4629100000.0,"Bahamas, The",BS
2018,4521500000.0,"Bahamas, The",BS
2017,3950200000.0,"Bahamas, The",BS
2016,3901400000.0,"Bahamas, The",BS
2015,4241300000.0,"Bahamas, The",BS
2014,4162300000.0,"Bahamas, The",BS
2013,4175300000.0,"Bahamas, The",BS
2012,4087400000.0,"Bahamas, The",BS
2011,3769900000.0,"Bahamas, The",BS
2010,3528800000.0,"Bahamas, The",BS
2009,3412900000.0,"Bahamas, The",BS
2008,4157100000.0,"Bahamas, The",BS
2007,4257100000.0,"Bahamas, The",BS
2006,3895000000.0,"Bahamas, The",BS
2005,3812500000.0,"Bahamas, The",BS
2004,3460500000.0,"Bahamas, The",BS
2003,3176400000.0,"Bahamas, The",BS
2002,3212800000.0,"Bahamas, The",BS
2001,2834100000.0,"Bahamas, The",BS
2000,3072900000.0,"Bahamas, The",BS
1999,2801300000.0,"Bahamas, The",BS
1998,2368200000.0,"Bahamas, The",BS
1997,2335400000.0,"Bahamas, The",BS
1996,1733680000.0,"Bahamas, The",BS
1995,1699040000.0,"Bahamas, The",BS
1994,1662790000.0,"Bahamas, The",BS
1993,1606810000.0,"Bahamas, The",BS
1992,1562180000.0,"Bahamas, The",BS
1991,1585170000.0,"Bahamas, The",BS
1990,1714730000.0,"Bahamas, The",BS
