ano,valor,pais,codigo_pais
2024,,Bangladesh,BD
2023,57551451740.6239,Bangladesh,BD
2022,59275206064.019,Bangladesh,BD
2021,44386125441.8587,Bangladesh,BD
2020,39053880559.8514,Bangladesh,BD
2019,45992932855.1263,Bangladesh,BD
2018,40732047404.0872,Bangladesh,BD
2017,37655756192.841,Bangladesh,BD
2016,36922447162.046,Bangladesh,BD
2015,33831931004.0501,Bangladesh,BD
2014,32830579729.9485,Bangladesh,BD
2013,29306607469.6236,Bangladesh,BD
2012,26877564843.4222,Bangladesh,BD
2011,25621279024.2428,Bangladesh,BD
2010,18471882436.8538,Bangladesh,BD
2009,17359427992.7925,Bangladesh,BD
2008,16182047682.9643,Bangladesh,BD
2007,13530265640.2252,Bangladesh,BD
2006,11741089556.3444,Bangladesh,BD
2005,9999571015.39225,Bangladesh,BD
2004,7257329709.52947,Bangladesh,BD
2003,6876856649.39551,Bangladesh,BD
2002,6791241511.40519,Bangladesh,BD
2001,7227575982.20904,Bangladesh,BD
2000,6588073941.56231,Bangladesh,BD
1999,6028722961.73045,Bangladesh,BD
1998,5876850220.26432,Bangladesh,BD
1997,5075480093.67682,Bangladesh,BD
1996,4507555012.22494,Bangladesh,BD
1995,4122014925.37313,Bangladesh,BD
1994,3039700748.12968,Bangladesh,BD
1993,2990714285.71429,Bangladesh,BD
1992,2405649867.37401,Bangladesh,BD
1991,2062577030.81232,Bangladesh,BD
1990,1866929977.69423,Bangladesh,BD
