ano,valor,pais,codigo_pais
2024,,Bermuda,BM
2023,4309400000.0,Bermuda,BM
2022,3950269000.0,Bermuda,BM
2021,3547380000.0,Bermuda,BM
2020,3246335000.0,Bermuda,BM
2019,3841155000.0,Bermuda,BM
2018,3719872000.0,Bermuda,BM
2017,3466748000.0,Bermuda,BM
2016,3403730000.0,Bermuda,BM
2015,3325330000.0,Bermuda,BM
2014,3281476000.0,Bermuda,BM
2013,3337183000.0,Bermuda,BM
2012,3221785000.0,Bermuda,BM
2011,3316640000.0,Bermuda,BM
2010,3370007000.0,Bermuda,BM
2009,,Bermuda,BM
2008,,Bermuda,BM
2007,,Bermuda,BM
2006,,Bermuda,BM
2005,,Bermuda,BM
2004,,Bermuda,BM
2003,,Bermuda,BM
2002,,Bermuda,BM
2001,,Bermuda,BM
2000,,Bermuda,BM
1999,,Bermuda,BM
1998,,Bermuda,BM
1997,,Bermuda,BM
1996,,Bermuda,BM
1995,,Bermuda,BM
1994,,Bermuda,BM
1993,,Bermuda,BM
1992,,Bermuda,BM
1991,,Bermuda,BM
1990,,Bermuda,BM
