ano,valor,pais,codigo_pais
2024,,Botswana,BW
2023,6260105935.04954,Botswana,BW
2022,8848562925.38457,Botswana,BW
2021,7858679909.85688,Botswana,BW
2020,4681117525.27574,Botswana,BW
2019,6203274315.31089,Botswana,BW
2018,7532912345.37339,Botswana,BW
2017,6912339736.57387,Botswana,BW
2016,8236832499.81332,Botswana,BW
2015,7183595978.7509,Botswana,BW
2014,9480529368.99091,Botswana,BW
2013,8759959354.23986,Botswana,BW
2012,6691579858.7139,Botswana,BW
2011,6684404436.05826,Botswana,BW
2010,5325894408.36078,Botswana,BW
2009,3625814470.20898,Botswana,BW
2008,5037792114.61554,Botswana,BW
2007,5968390548.64143,Botswana,BW
2006,5136222269.86604,Botswana,BW
2005,5249438114.40968,Botswana,BW
2004,4444139018.51733,Botswana,BW
2003,3667669548.87978,Botswana,BW
2002,2836771499.44246,Botswana,BW
2001,2671112100.25337,Botswana,BW
2000,3000196009.25164,Botswana,BW
1999,3027163553.28643,Botswana,BW
1998,2361188675.49481,Botswana,BW
1997,3056374790.69444,Botswana,BW
1996,2609472302.63429,Botswana,BW
1995,2404870920.53371,Botswana,BW
1994,2036880108.9157,Botswana,BW
1993,1959245999.40159,Botswana,BW
1992,1997748521.72677,Botswana,BW
1991,2090888359.81375,Botswana,BW
1990,2086950258.69863,Botswana,BW
