ano,valor,pais,codigo_pais
2024,,Bulgaria,BG
2023,63375299650.1502,Bulgaria,BG
2022,63429230644.9876,Bulgaria,BG
2021,52187732357.7432,Bulgaria,BG
2020,39901309934.0069,Bulgaria,BG
2019,44049411596.3597,Bulgaria,BG
2018,43595224926.031,Bulgaria,BG
2017,39731909547.7387,Bulgaria,BG
2016,34462074254.3438,Bulgaria,BG
2015,32411151577.0365,Bulgaria,BG
2014,36895812389.621,Bulgaria,BG
2013,36060911930.4678,Bulgaria,BG
2012,32760867108.9798,Bulgaria,BG
2011,33942571347.2351,Bulgaria,BG
2010,25430233172.914,Bulgaria,BG
2009,21963850651.0309,Bulgaria,BG
2008,28590187694.8689,Bulgaria,BG
2007,23262813855.8432,Bulgaria,BG
2006,16151246707.5876,Bulgaria,BG
2005,12703010482.5958,Bulgaria,BG
2004,10713332855.0596,Bulgaria,BG
2003,7277448747.67848,Bulgaria,BG
2002,5519181983.41338,Bulgaria,BG
2001,4947372829.68708,Bulgaria,BG
2000,4797546243.42113,Bulgaria,BG
1999,5825652718.0715,Bulgaria,BG
1998,6304226753.8762,Bulgaria,BG
1997,5610104531.89558,Bulgaria,BG
1996,5962695838.41609,Bulgaria,BG
1995,6141757603.7278,Bulgaria,BG
1994,4368450184.50185,Bulgaria,BG
1993,4138580850.90962,Bulgaria,BG
1992,4876288659.79381,Bulgaria,BG
1991,4758064516.12903,Bulgaria,BG
1990,6833181818.18182,Bulgaria,BG
