ano,valor,pais,codigo_pais
2024,,Cameroon,CM
2023,8187351908.00398,Cameroon,CM
2022,8568684369.04679,Cameroon,CM
2021,7430968539.29677,Cameroon,CM
2020,6212103784.55953,Cameroon,CM
2019,7874085866.66636,Cameroon,CM
2018,7486173533.2258,Cameroon,CM
2017,6624479953.0876,Cameroon,CM
2016,6407809686.3797,Cameroon,CM
2015,6760654004.68446,Cameroon,CM
2014,8590854302.65916,Cameroon,CM
2013,7973145413.04449,Cameroon,CM
2012,7200040957.28217,Cameroon,CM
2011,7421773622.74155,Cameroon,CM
2010,6153122906.06151,Cameroon,CM
2009,5469950248.91088,Cameroon,CM
2008,7485406850.66888,Cameroon,CM
2007,6455516974.46439,Cameroon,CM
2006,5055972600.31033,Cameroon,CM
2005,4340055666.03028,Cameroon,CM
2004,3868330225.42171,Cameroon,CM
2003,3104135993.00922,Cameroon,CM
2002,2854249060.11522,Cameroon,CM
2001,2766983730.38158,Cameroon,CM
2000,2626514827.50102,Cameroon,CM
1999,2247078226.12803,Cameroon,CM
1998,2483240189.42057,Cameroon,CM
1997,2875461379.0151,Cameroon,CM
1996,2691568972.11885,Cameroon,CM
1995,2348799529.22059,Cameroon,CM
1994,1912336305.59926,Cameroon,CM
1993,2652315493.28416,Cameroon,CM
1992,2480390363.88588,Cameroon,CM
1991,2367905903.71539,Cameroon,CM
1990,2485421487.55571,Cameroon,CM
