ano,valor,pais,codigo_pais
2024,,Colombia,CO
2023,64837475193.3388,Colombia,CO
2022,69868522988.3686,Colombia,CO
2021,51591453811.2973,Colombia,CO
2020,36557247848.5389,Colombia,CO
2019,51258795210.3544,Colombia,CO
2018,53136579844.9701,Colombia,CO
2017,47233141871.792,Colombia,CO
2016,41608310926.5839,Colombia,CO
2015,45932176699.4658,Colombia,CO
2014,63418461300.1317,Colombia,CO
2013,69107146201.365,Colombia,CO
2012,69731471881.4892,Colombia,CO
2011,64569763969.5584,Colombia,CO
2010,46816280695.4722,Colombia,CO
2009,38181805547.3998,Colombia,CO
2008,43916519836.3982,Colombia,CO
2007,33889993566.9701,Colombia,CO
2006,28683606693.826,Colombia,CO
2005,24709929563.8536,Colombia,CO
2004,19637278136.3897,Colombia,CO
2003,15687687299.8944,Colombia,CO
2002,14511230142.0322,Colombia,CO
2001,15110265985.5399,Colombia,CO
2000,15895257719.3545,Colombia,CO
1999,15829235073.0195,Colombia,CO
1998,14780193358.8524,Colombia,CO
1997,15829469959.0081,Colombia,CO
1996,14766792154.3281,Colombia,CO
1995,13443126537.0059,Colombia,CO
1994,12254486171.2682,Colombia,CO
1993,10093756778.1412,Colombia,CO
1992,9645918068.37342,Colombia,CO
1991,9478146064.9523,Colombia,CO
1990,9024672480.38864,Colombia,CO
