ano,valor,pais,codigo_pais
2024,,"Congo, Dem. Rep.",CD
2023,29371942664.7165,"Congo, Dem. Rep.",CD
2022,29938355213.702,"Congo, Dem. Rep.",CD
2021,22344866757.964,"Congo, Dem. Rep.",CD
2020,13935463325.1914,"Congo, Dem. Rep.",CD
2019,13393198275.8799,"Congo, Dem. Rep.",CD
2018,15485130690.5754,"Congo, Dem. Rep.",CD
2017,13401989368.7016,"Congo, Dem. Rep.",CD
2016,8896177271.54238,"Congo, Dem. Rep.",CD
2015,10512899423.4281,"Congo, Dem. Rep.",CD
2014,13226085768.2531,"Congo, Dem. Rep.",CD
2013,11910414557.1591,"Congo, Dem. Rep.",CD
2012,9027202297.60921,"Congo, Dem. Rep.",CD
2011,10210736241.2238,"Congo, Dem. Rep.",CD
2010,8865916823.14979,"Congo, Dem. Rep.",CD
2009,5000335046.48877,"Congo, Dem. Rep.",CD
2008,7723022141.57319,"Congo, Dem. Rep.",CD
2007,6539494270.72831,"Congo, Dem. Rep.",CD
2006,3136076907.38525,"Congo, Dem. Rep.",CD
2005,2745153184.24415,"Congo, Dem. Rep.",CD
2004,2340567899.3741,"Congo, Dem. Rep.",CD
2003,2145055691.03305,"Congo, Dem. Rep.",CD
2002,1367800837.58331,"Congo, Dem. Rep.",CD
2001,891666666.666667,"Congo, Dem. Rep.",CD
2000,2185507246.37681,"Congo, Dem. Rep.",CD
1999,1113537727.27273,"Congo, Dem. Rep.",CD
1998,1852289978.33832,"Congo, Dem. Rep.",CD
1997,1142032617.06063,"Congo, Dem. Rep.",CD
1996,1731595952.11051,"Congo, Dem. Rep.",CD
1995,1607380673.70666,"Congo, Dem. Rep.",CD
1994,1316878619.73574,"Congo, Dem. Rep.",CD
1993,,"Congo, Dem. Rep.",CD
1992,,"Congo, Dem. Rep.",CD
1991,,"Congo, Dem. Rep.",CD
1990,,"Congo, Dem. Rep.",CD
