ano,valor,pais,codigo_pais
2024,,Curacao,CW
2023,,Curacao,CW
2022,,Curacao,CW
2021,,Curacao,CW
2020,,Curacao,CW
2019,,Curacao,CW
2018,1926703910.61453,Curacao,CW
2017,1808826815.64246,Curacao,CW
2016,1905418994.41341,Curacao,CW
2015,2095083798.88268,Curacao,CW
2014,2323072625.69832,Curacao,CW
2013,2253910614.52514,Curacao,CW
2012,2434245810.05587,Curacao,CW
2011,2138547486.03352,Curacao,CW
2010,1639162011.17318,Curacao,CW
2009,1741117318.43575,Curacao,CW
2008,1968324022.34637,Curacao,CW
2007,1578435754.18994,Curacao,CW
2006,1557877094.97207,Curacao,CW
2005,1394972067.03911,Curacao,CW
2004,,Curacao,CW
2003,,Curacao,CW
2002,,Curacao,CW
2001,,Curacao,CW
2000,,Curacao,CW
1999,,Curacao,CW
1998,,Curacao,CW
1997,,Curacao,CW
1996,,Curacao,CW
1995,,Curacao,CW
1994,,Curacao,CW
1993,,Curacao,CW
1992,,Curacao,CW
1991,,Curacao,CW
1990,,Curacao,CW
