ano,valor,pais,codigo_pais
2024,,Djibouti,DJ
2023,6930852349.46911,Djibouti,DJ
2022,6209581201.99639,Djibouti,DJ
2021,4842477816.3526,Djibouti,DJ
2020,3682879344.59068,Djibouti,DJ
2019,5149667174.954,Djibouti,DJ
2018,4563067954.82807,Djibouti,DJ
2017,4146589316.96311,Djibouti,DJ
2016,2703006397.66826,Djibouti,DJ
2015,3525582232.82561,Djibouti,DJ
2014,3507482741.48806,Djibouti,DJ
2013,3197791277.3392,Djibouti,DJ
2012,,Djibouti,DJ
2011,,Djibouti,DJ
2010,,Djibouti,DJ
2009,,Djibouti,DJ
2008,,Djibouti,DJ
2007,,Djibouti,DJ
2006,,Djibouti,DJ
2005,,Djibouti,DJ
2004,,Djibouti,DJ
2003,,Djibouti,DJ
2002,,Djibouti,DJ
2001,,Djibouti,DJ
2000,,Djibouti,DJ
1999,,Djibouti,DJ
1998,,Djibouti,DJ
1997,,Djibouti,DJ
1996,,Djibouti,DJ
1995,,Djibouti,DJ
1994,,Djibouti,DJ
1993,,Djibouti,DJ
1992,,Djibouti,DJ
1991,,Djibouti,DJ
1990,,Djibouti,DJ
