ano,valor,pais,codigo_pais
2024,,Dominica,DM
2023,,Dominica,DM
2022,,Dominica,DM
2021,,Dominica,DM
2020,,Dominica,DM
2019,,Dominica,DM
2018,161955555.555556,Dominica,DM
2017,213188888.888889,Dominica,DM
2016,257177777.777778,Dominica,DM
2015,255900000.0,Dominica,DM
2014,272781481.481481,Dominica,DM
2013,193466666.666667,Dominica,DM
2012,158362962.962963,Dominica,DM
2011,188274074.074074,Dominica,DM
2010,175644444.444444,Dominica,DM
2009,147951851.851852,Dominica,DM
2008,156733333.333333,Dominica,DM
2007,147844444.444444,Dominica,DM
2006,144429629.62963,Dominica,DM
2005,,Dominica,DM
2004,,Dominica,DM
2003,,Dominica,DM
2002,,Dominica,DM
2001,,Dominica,DM
2000,,Dominica,DM
1999,,Dominica,DM
1998,,Dominica,DM
1997,,Dominica,DM
1996,,Dominica,DM
1995,,Dominica,DM
1994,,Dominica,DM
1993,,Dominica,DM
1992,,Dominica,DM
1991,,Dominica,DM
1990,,Dominica,DM
