ano,valor,pais,codigo_pais
2024,,Eritrea,ER
2023,,Eritrea,ER
2022,,Eritrea,ER
2021,,Eritrea,ER
2020,,Eritrea,ER
2019,,Eritrea,ER
2018,,Eritrea,ER
2017,,Eritrea,ER
2016,,Eritrea,ER
2015,,Eritrea,ER
2014,,Eritrea,ER
2013,,Eritrea,ER
2012,,Eritrea,ER
2011,374897684.552846,Eritrea,ER
2010,101385281.300813,Eritrea,ER
2009,84082757.7235772,Eritrea,ER
2008,61125203.2520325,Eritrea,ER
2007,76071544.7154472,Eritrea,ER
2006,83564227.6422764,Eritrea,ER
2005,67725717.1547712,Eritrea,ER
2004,64052293.7443336,Eritrea,ER
2003,56064246.3613527,Eritrea,ER
2002,85922706.0463553,Eritrea,ER
2001,81309112.059541,Eritrea,ER
2000,68310441.5584416,Eritrea,ER
1999,65684301.0104834,Eritrea,ER
1998,110594504.430224,Eritrea,ER
1997,203302823.650328,Eritrea,ER
1996,202746708.19765,Eritrea,ER
1995,129406250.0,Eritrea,ER
1994,148977272.727273,Eritrea,ER
1993,142966419.337566,Eritrea,ER
1992,54502214.5615604,Eritrea,ER
1991,,Eritrea,ER
1990,,Eritrea,ER
