ano,valor,pais,codigo_pais
2024,,Ethiopia,ET
2023,10792608749.6624,Ethiopia,ET
2022,10451093940.5472,Ethiopia,ET
2021,8491174951.53881,Ethiopia,ET
2020,7672983060.57996,Ethiopia,ET
2019,7615438618.00348,Ethiopia,ET
2018,7055586688.75777,Ethiopia,ET
2017,6238602381.7425,Ethiopia,ET
2016,5804121546.5048,Ethiopia,ET
2015,6047701382.62093,Ethiopia,ET
2014,6474164234.1889,Ethiopia,ET
2013,5948445900.95456,Ethiopia,ET
2012,5962716169.22631,Ethiopia,ET
2011,5331910669.97519,Ethiopia,ET
2010,,Ethiopia,ET
2009,,Ethiopia,ET
2008,,Ethiopia,ET
2007,,Ethiopia,ET
2006,,Ethiopia,ET
2005,,Ethiopia,ET
2004,,Ethiopia,ET
2003,,Ethiopia,ET
2002,,Ethiopia,ET
2001,,Ethiopia,ET
2000,,Ethiopia,ET
1999,,Ethiopia,ET
1998,,Ethiopia,ET
1997,,Ethiopia,ET
1996,,Ethiopia,ET
1995,,Ethiopia,ET
1994,,Ethiopia,ET
1993,,Ethiopia,ET
1992,,Ethiopia,ET
1991,,Ethiopia,ET
1990,,Ethiopia,ET
