ano,valor,pais,codigo_pais
2024,,Switzerland,CH
2023,666597864194.371,Switzerland,CH
2022,629661502933.761,Switzerland,CH
2021,579859246134.697,Switzerland,CH
2020,475588653393.81,Switzerland,CH
2019,483067666222.233,Switzerland,CH
2018,489600609479.659,Switzerland,CH
2017,461255257229.42,Switzerland,CH
2016,459636103721.801,Switzerland,CH
2015,443048390064.017,Switzerland,CH
2014,474699970370.027,Switzerland,CH
2013,508970903327.501,Switzerland,CH
2012,465237594281.164,Switzerland,CH
2011,475707113598.213,Switzerland,CH
2010,388280802445.161,Switzerland,CH
2009,321497078393.53,Switzerland,CH
2008,358112276798.08,Switzerland,CH
2007,302064722592.469,Switzerland,CH
2006,250005789599.617,Switzerland,CH
2005,225263859620.944,Switzerland,CH
2004,207207253719.341,Switzerland,CH
2003,172784832553.65,Switzerland,CH
2002,150195660849.48,Switzerland,CH
2001,143872229201.233,Switzerland,CH
2000,143622369729.986,Switzerland,CH
1999,139348313140.727,Switzerland,CH
1998,139575012415.506,Switzerland,CH
1997,137060242541.17,Switzerland,CH
1996,139537131067.961,Switzerland,CH
1995,141203860465.116,Switzerland,CH
1994,120744704248.008,Switzerland,CH
1993,111111344071.467,Switzerland,CH
1992,114018210069.691,Switzerland,CH
1991,107067605997.211,Switzerland,CH
1990,109915025914.195,Switzerland,CH
