ano,valor,pais,codigo_pais
2024,,Albania,AL
2023,,Albania,AL
2022,0.239959329366684,Albania,AL
2021,0.309884160757065,Albania,AL
2020,,Albania,AL
2019,0.230088248848915,Albania,AL
2018,0.220393925905228,Albania,AL
2017,0.0964154675602913,Albania,AL
2016,0.0661238133907318,Albania,AL
2015,0.0777257233858109,Albania,AL
2014,0.0585576295852661,Albania,AL
2013,0.0419836044311523,Albania,AL
2012,0.0900000035762787,Albania,AL
2011,0.0,Albania,AL
2010,0.21496993303299,Albania,AL
2009,,Albania,AL
2008,,Albania,AL
2007,,Albania,AL
2006,,Albania,AL
2005,,Albania,AL
2004,,Albania,AL
2003,,Albania,AL
2002,,Albania,AL
2001,,Albania,AL
2000,,Albania,AL
1999,,Albania,AL
1998,,Albania,AL
1997,,Albania,AL
1996,,Albania,AL
1995,,Albania,AL
1994,,Albania,AL
1993,,Albania,AL
1992,,Albania,AL
1991,,Albania,AL
1990,,Albania,AL
