ano,valor,pais,codigo_pais
2024,,Armenia,AM
2023,,Armenia,AM
2022,1.15210008621216,Armenia,AM
2021,0.914120554924011,Armenia,AM
2020,0.730769693851471,Armenia,AM
2019,0.850010633468628,Armenia,AM
2018,0.84183394908905,Armenia,AM
2017,,Armenia,AM
2016,,Armenia,AM
2015,,Armenia,AM
2014,0.56971549987793,Armenia,AM
2013,0.550461530685425,Armenia,AM
2012,0.215760797262192,Armenia,AM
2011,0.355487644672394,Armenia,AM
2010,0.561573445796967,Armenia,AM
2009,,Armenia,AM
2008,,Armenia,AM
2007,,Armenia,AM
2006,,Armenia,AM
2005,,Armenia,AM
2004,,Armenia,AM
2003,,Armenia,AM
2002,,Armenia,AM
2001,,Armenia,AM
2000,,Armenia,AM
1999,,Armenia,AM
1998,,Armenia,AM
1997,,Armenia,AM
1996,,Armenia,AM
1995,,Armenia,AM
1994,,Armenia,AM
1993,,Armenia,AM
1992,,Armenia,AM
1991,,Armenia,AM
1990,,Armenia,AM
