ano,valor,pais,codigo_pais
2024,,Austria,AT
2023,0.459013432264328,Austria,AT
2022,0.401972621679306,Austria,AT
2021,0.971772134304047,Austria,AT
2020,0.998387694358826,Austria,AT
2019,1.01999998092651,Austria,AT
2018,0.941155910491943,Austria,AT
2017,0.939999997615814,Austria,AT
2016,0.819999992847443,Austria,AT
2015,0.829999983310699,Austria,AT
2014,0.839999973773956,Austria,AT
2013,1.59385371208191,Austria,AT
2012,1.51233744621277,Austria,AT
2011,1.57833504676819,Austria,AT
2010,1.52701818943024,Austria,AT
2009,,Austria,AT
2008,,Austria,AT
2007,,Austria,AT
2006,,Austria,AT
2005,,Austria,AT
2004,,Austria,AT
2003,,Austria,AT
2002,,Austria,AT
2001,,Austria,AT
2000,,Austria,AT
1999,,Austria,AT
1998,,Austria,AT
1997,,Austria,AT
1996,,Austria,AT
1995,,Austria,AT
1994,,Austria,AT
1993,,Austria,AT
1992,,Austria,AT
1991,,Austria,AT
1990,,Austria,AT
