ano,valor,pais,codigo_pais
2024,,Australia,AU
2023,1.6924307346344,Australia,AU
2022,1.85000002384186,Australia,AU
2021,1.5900000333786,Australia,AU
2020,1.58000004291534,Australia,AU
2019,1.33000004291534,Australia,AU
2018,1.13999998569489,Australia,AU
2017,1.20000004768372,Australia,AU
2016,1.08000004291534,Australia,AU
2015,1.32000005245209,Australia,AU
2014,1.13999998569489,Australia,AU
2013,,Australia,AU
2012,,Australia,AU
2011,,Australia,AU
2010,,Australia,AU
2009,,Australia,AU
2008,,Australia,AU
2007,,Australia,AU
2006,,Australia,AU
2005,,Australia,AU
2004,,Australia,AU
2003,,Australia,AU
2002,,Australia,AU
2001,,Australia,AU
2000,,Australia,AU
1999,,Australia,AU
1998,,Australia,AU
1997,,Australia,AU
1996,,Australia,AU
1995,,Australia,AU
1994,,Australia,AU
1993,,Australia,AU
1992,,Australia,AU
1991,,Australia,AU
1990,,Australia,AU
