ano,valor,pais,codigo_pais
2024,,Azerbaijan,AZ
2023,0.360000014305115,Azerbaijan,AZ
2022,0.338179439306259,Azerbaijan,AZ
2021,0.0,Azerbaijan,AZ
2020,,Azerbaijan,AZ
2019,0.0,Azerbaijan,AZ
2018,0.0,Azerbaijan,AZ
2017,0.0,Azerbaijan,AZ
2016,0.0,Azerbaijan,AZ
2015,0.0,Azerbaijan,AZ
2014,,Azerbaijan,AZ
2013,,Azerbaijan,AZ
2012,,Azerbaijan,AZ
2011,,Azerbaijan,AZ
2010,,Azerbaijan,AZ
2009,,Azerbaijan,AZ
2008,,Azerbaijan,AZ
2007,,Azerbaijan,AZ
2006,,Azerbaijan,AZ
2005,,Azerbaijan,AZ
2004,,Azerbaijan,AZ
2003,,Azerbaijan,AZ
2002,,Azerbaijan,AZ
2001,,Azerbaijan,AZ
2000,,Azerbaijan,AZ
1999,,Azerbaijan,AZ
1998,,Azerbaijan,AZ
1997,,Azerbaijan,AZ
1996,,Azerbaijan,AZ
1995,,Azerbaijan,AZ
1994,,Azerbaijan,AZ
1993,,Azerbaijan,AZ
1992,,Azerbaijan,AZ
1991,,Azerbaijan,AZ
1990,,Azerbaijan,AZ
