ano,valor,pais,codigo_pais
2024,,Bahrain,BH
2023,0.610000014305115,Bahrain,BH
2022,0.600000023841858,Bahrain,BH
2021,,Bahrain,BH
2020,0.259999990463257,Bahrain,BH
2019,,Bahrain,BH
2018,0.239999994635582,Bahrain,BH
2017,0.230000004172325,Bahrain,BH
2016,0.230000004172325,Bahrain,BH
2015,,Bahrain,BH
2014,,Bahrain,BH
2013,,Bahrain,BH
2012,,Bahrain,BH
2011,,Bahrain,BH
2010,0.209999993443489,Bahrain,BH
2009,,Bahrain,BH
2008,,Bahrain,BH
2007,,Bahrain,BH
2006,,Bahrain,BH
2005,,Bahrain,BH
2004,,Bahrain,BH
2003,,Bahrain,BH
2002,,Bahrain,BH
2001,,Bahrain,BH
2000,,Bahrain,BH
1999,,Bahrain,BH
1998,,Bahrain,BH
1997,,Bahrain,BH
1996,,Bahrain,BH
1995,,Bahrain,BH
1994,,Bahrain,BH
1993,,Bahrain,BH
1992,,Bahrain,BH
1991,,Bahrain,BH
1990,,Bahrain,BH
