ano,valor,pais,codigo_pais
2024,,Bangladesh,BD
2023,,Bangladesh,BD
2022,0.057048924267292,Bangladesh,BD
2021,0.0199999995529652,Bangladesh,BD
2020,0.25,Bangladesh,BD
2019,0.209999993443489,Bangladesh,BD
2018,0.189999997615814,Bangladesh,BD
2017,0.180000007152557,Bangladesh,BD
2016,0.170000001788139,Bangladesh,BD
2015,0.159999996423721,Bangladesh,BD
2014,0.100000001490116,Bangladesh,BD
2013,0.0900000035762787,Bangladesh,BD
2012,0.0799999982118607,Bangladesh,BD
2011,0.0799999982118607,Bangladesh,BD
2010,,Bangladesh,BD
2009,,Bangladesh,BD
2008,,Bangladesh,BD
2007,,Bangladesh,BD
2006,,Bangladesh,BD
2005,,Bangladesh,BD
2004,,Bangladesh,BD
2003,,Bangladesh,BD
2002,,Bangladesh,BD
2001,,Bangladesh,BD
2000,,Bangladesh,BD
1999,,Bangladesh,BD
1998,,Bangladesh,BD
1997,,Bangladesh,BD
1996,,Bangladesh,BD
1995,,Bangladesh,BD
1994,,Bangladesh,BD
1993,,Bangladesh,BD
1992,,Bangladesh,BD
1991,,Bangladesh,BD
1990,,Bangladesh,BD
