ano,valor,pais,codigo_pais
2024,,Belgium,BE
2023,,Belgium,BE
2022,0.924802422523499,Belgium,BE
2021,0.753174245357513,Belgium,BE
2020,0.536744177341461,Belgium,BE
2019,0.600000023841858,Belgium,BE
2018,0.751849949359894,Belgium,BE
2017,0.649999976158142,Belgium,BE
2016,0.620000004768372,Belgium,BE
2015,0.589999973773956,Belgium,BE
2014,0.490000009536743,Belgium,BE
2013,0.529999971389771,Belgium,BE
2012,0.0,Belgium,BE
2011,0.0,Belgium,BE
2010,0.0,Belgium,BE
2009,,Belgium,BE
2008,,Belgium,BE
2007,,Belgium,BE
2006,,Belgium,BE
2005,,Belgium,BE
2004,,Belgium,BE
2003,,Belgium,BE
2002,,Belgium,BE
2001,,Belgium,BE
2000,,Belgium,BE
1999,,Belgium,BE
1998,,Belgium,BE
1997,,Belgium,BE
1996,,Belgium,BE
1995,,Belgium,BE
1994,,Belgium,BE
1993,,Belgium,BE
1992,,Belgium,BE
1991,,Belgium,BE
1990,,Belgium,BE
