ano,valor,pais,codigo_pais
2024,,Benin,BJ
2023,,Benin,BJ
2022,0.103176459670067,Benin,BJ
2021,,Benin,BJ
2020,,Benin,BJ
2019,,Benin,BJ
2018,0.0,Benin,BJ
2017,,Benin,BJ
2016,,Benin,BJ
2015,,Benin,BJ
2014,,Benin,BJ
2013,,Benin,BJ
2012,,Benin,BJ
2011,,Benin,BJ
2010,,Benin,BJ
2009,,Benin,BJ
2008,,Benin,BJ
2007,,Benin,BJ
2006,,Benin,BJ
2005,,Benin,BJ
2004,,Benin,BJ
2003,,Benin,BJ
2002,,Benin,BJ
2001,,Benin,BJ
2000,,Benin,BJ
1999,,Benin,BJ
1998,,Benin,BJ
1997,,Benin,BJ
1996,,Benin,BJ
1995,,Benin,BJ
1994,,Benin,BJ
1993,,Benin,BJ
1992,,Benin,BJ
1991,,Benin,BJ
1990,,Benin,BJ
