ano,valor,pais,codigo_pais
2024,,Bolivia,BO
2023,0.0576154626905918,Bolivia,BO
2022,0.0526692643761635,Bolivia,BO
2021,0.101976655423641,Bolivia,BO
2020,0.119999997317791,Bolivia,BO
2019,0.189999997615814,Bolivia,BO
2018,0.0708804130554199,Bolivia,BO
2017,0.0987071320414543,Bolivia,BO
2016,0.0841419845819473,Bolivia,BO
2015,0.219999998807907,Bolivia,BO
2014,0.19344399869442,Bolivia,BO
2013,0.221096575260162,Bolivia,BO
2012,0.28999999165535,Bolivia,BO
2011,0.0935568660497665,Bolivia,BO
2010,,Bolivia,BO
2009,,Bolivia,BO
2008,,Bolivia,BO
2007,,Bolivia,BO
2006,,Bolivia,BO
2005,,Bolivia,BO
2004,,Bolivia,BO
2003,,Bolivia,BO
2002,,Bolivia,BO
2001,,Bolivia,BO
2000,,Bolivia,BO
1999,,Bolivia,BO
1998,,Bolivia,BO
1997,,Bolivia,BO
1996,,Bolivia,BO
1995,,Bolivia,BO
1994,,Bolivia,BO
1993,,Bolivia,BO
1992,,Bolivia,BO
1991,,Bolivia,BO
1990,,Bolivia,BO
