ano,valor,pais,codigo_pais
2024,,Brazil,BR
2023,0.282232403755188,Brazil,BR
2022,0.277308285236359,Brazil,BR
2021,,Brazil,BR
2020,,Brazil,BR
2019,,Brazil,BR
2018,0.259999990463257,Brazil,BR
2017,0.219999998807907,Brazil,BR
2016,0.200000002980232,Brazil,BR
2015,,Brazil,BR
2014,,Brazil,BR
2013,,Brazil,BR
2012,,Brazil,BR
2011,,Brazil,BR
2010,,Brazil,BR
2009,,Brazil,BR
2008,,Brazil,BR
2007,,Brazil,BR
2006,,Brazil,BR
2005,,Brazil,BR
2004,,Brazil,BR
2003,,Brazil,BR
2002,,Brazil,BR
2001,,Brazil,BR
2000,,Brazil,BR
1999,,Brazil,BR
1998,,Brazil,BR
1997,,Brazil,BR
1996,,Brazil,BR
1995,,Brazil,BR
1994,,Brazil,BR
1993,,Brazil,BR
1992,,Brazil,BR
1991,,Brazil,BR
1990,,Brazil,BR
