ano,valor,pais,codigo_pais
2024,,Bulgaria,BG
2023,,Bulgaria,BG
2022,0.295526713132858,Bulgaria,BG
2021,0.290372252464294,Bulgaria,BG
2020,0.336948543787003,Bulgaria,BG
2019,0.290884226560593,Bulgaria,BG
2018,0.309688836336136,Bulgaria,BG
2017,0.316002070903778,Bulgaria,BG
2016,0.328609019517899,Bulgaria,BG
2015,0.299981087446213,Bulgaria,BG
2014,0.265549868345261,Bulgaria,BG
2013,0.0,Bulgaria,BG
2012,0.0,Bulgaria,BG
2011,0.0,Bulgaria,BG
2010,0.0,Bulgaria,BG
2009,,Bulgaria,BG
2008,,Bulgaria,BG
2007,,Bulgaria,BG
2006,,Bulgaria,BG
2005,,Bulgaria,BG
2004,,Bulgaria,BG
2003,,Bulgaria,BG
2002,,Bulgaria,BG
2001,,Bulgaria,BG
2000,,Bulgaria,BG
1999,,Bulgaria,BG
1998,,Bulgaria,BG
1997,,Bulgaria,BG
1996,,Bulgaria,BG
1995,,Bulgaria,BG
1994,,Bulgaria,BG
1993,,Bulgaria,BG
1992,,Bulgaria,BG
1991,,Bulgaria,BG
1990,,Bulgaria,BG
