ano,valor,pais,codigo_pais
2024,,Canada,CA
2023,,Canada,CA
2022,0.0,Canada,CA
2021,1.07000005245209,Canada,CA
2020,0.0,Canada,CA
2019,0.0,Canada,CA
2018,0.0,Canada,CA
2017,0.0,Canada,CA
2016,0.949999988079071,Canada,CA
2015,0.0,Canada,CA
2014,0.0,Canada,CA
2013,0.0,Canada,CA
2012,0.0,Canada,CA
2011,0.0,Canada,CA
2010,0.0,Canada,CA
2009,,Canada,CA
2008,,Canada,CA
2007,,Canada,CA
2006,,Canada,CA
2005,,Canada,CA
2004,,Canada,CA
2003,,Canada,CA
2002,,Canada,CA
2001,,Canada,CA
2000,,Canada,CA
1999,,Canada,CA
1998,,Canada,CA
1997,,Canada,CA
1996,,Canada,CA
1995,,Canada,CA
1994,,Canada,CA
1993,,Canada,CA
1992,,Canada,CA
1991,,Canada,CA
1990,,Canada,CA
