ano,valor,pais,codigo_pais
2024,,Chile,CL
2023,0.220117717981339,Chile,CL
2022,0.216132804751396,Chile,CL
2021,0.237422332167625,Chile,CL
2020,0.294792175292969,Chile,CL
2019,0.204324096441269,Chile,CL
2018,0.20247121155262,Chile,CL
2017,0.233985632658005,Chile,CL
2016,0.164842814207077,Chile,CL
2015,0.150548711419106,Chile,CL
2014,0.143772006034851,Chile,CL
2013,0.134245827794075,Chile,CL
2012,0.086247444152832,Chile,CL
2011,0.0720212906599045,Chile,CL
2010,0.0870493352413177,Chile,CL
2009,,Chile,CL
2008,,Chile,CL
2007,,Chile,CL
2006,,Chile,CL
2005,,Chile,CL
2004,,Chile,CL
2003,,Chile,CL
2002,,Chile,CL
2001,,Chile,CL
2000,,Chile,CL
1999,,Chile,CL
1998,,Chile,CL
1997,,Chile,CL
1996,,Chile,CL
1995,,Chile,CL
1994,,Chile,CL
1993,,Chile,CL
1992,,Chile,CL
1991,,Chile,CL
1990,,Chile,CL
