ano,valor,pais,codigo_pais
2024,,Colombia,CO
2023,0.148909509181976,Colombia,CO
2022,0.140416592359543,Colombia,CO
2021,,Colombia,CO
2020,,Colombia,CO
2019,,Colombia,CO
2018,,Colombia,CO
2017,,Colombia,CO
2016,,Colombia,CO
2015,,Colombia,CO
2014,,Colombia,CO
2013,,Colombia,CO
2012,,Colombia,CO
2011,,Colombia,CO
2010,,Colombia,CO
2009,,Colombia,CO
2008,,Colombia,CO
2007,,Colombia,CO
2006,,Colombia,CO
2005,,Colombia,CO
2004,,Colombia,CO
2003,,Colombia,CO
2002,,Colombia,CO
2001,,Colombia,CO
2000,,Colombia,CO
1999,,Colombia,CO
1998,,Colombia,CO
1997,,Colombia,CO
1996,,Colombia,CO
1995,,Colombia,CO
1994,,Colombia,CO
1993,,Colombia,CO
1992,,Colombia,CO
1991,,Colombia,CO
1990,,Colombia,CO
