ano,valor,pais,codigo_pais
2024,,Cote d'Ivoire,CI
2023,,Cote d'Ivoire,CI
2022,0.264331609010696,Cote d'Ivoire,CI
2021,0.850000023841858,Cote d'Ivoire,CI
2020,,Cote d'Ivoire,CI
2019,0.30498543381691,Cote d'Ivoire,CI
2018,,Cote d'Ivoire,CI
2017,,Cote d'Ivoire,CI
2016,,Cote d'Ivoire,CI
2015,,Cote d'Ivoire,CI
2014,,Cote d'Ivoire,CI
2013,0.206595465540886,Cote d'Ivoire,CI
2012,0.169547364115715,Cote d'Ivoire,CI
2011,,Cote d'Ivoire,CI
2010,,Cote d'Ivoire,CI
2009,,Cote d'Ivoire,CI
2008,,Cote d'Ivoire,CI
2007,,Cote d'Ivoire,CI
2006,,Cote d'Ivoire,CI
2005,,Cote d'Ivoire,CI
2004,,Cote d'Ivoire,CI
2003,,Cote d'Ivoire,CI
2002,,Cote d'Ivoire,CI
2001,,Cote d'Ivoire,CI
2000,,Cote d'Ivoire,CI
1999,,Cote d'Ivoire,CI
1998,,Cote d'Ivoire,CI
1997,,Cote d'Ivoire,CI
1996,,Cote d'Ivoire,CI
1995,,Cote d'Ivoire,CI
1994,,Cote d'Ivoire,CI
1993,,Cote d'Ivoire,CI
1992,,Cote d'Ivoire,CI
1991,,Cote d'Ivoire,CI
1990,,Cote d'Ivoire,CI
