ano,valor,pais,codigo_pais
2024,,Cyprus,CY
2023,,Cyprus,CY
2022,1.02382981777191,Cyprus,CY
2021,1.06902158260345,Cyprus,CY
2020,1.04999995231628,Cyprus,CY
2019,0.739148020744324,Cyprus,CY
2018,0.75,Cyprus,CY
2017,0.685252249240875,Cyprus,CY
2016,0.720000028610229,Cyprus,CY
2015,0.730000019073486,Cyprus,CY
2014,0.620000004768372,Cyprus,CY
2013,0.540000021457672,Cyprus,CY
2012,,Cyprus,CY
2011,,Cyprus,CY
2010,,Cyprus,CY
2009,,Cyprus,CY
2008,,Cyprus,CY
2007,,Cyprus,CY
2006,,Cyprus,CY
2005,,Cyprus,CY
2004,,Cyprus,CY
2003,,Cyprus,CY
2002,,Cyprus,CY
2001,,Cyprus,CY
2000,,Cyprus,CY
1999,,Cyprus,CY
1998,,Cyprus,CY
1997,,Cyprus,CY
1996,,Cyprus,CY
1995,,Cyprus,CY
1994,,Cyprus,CY
1993,,Cyprus,CY
1992,,Cyprus,CY
1991,,Cyprus,CY
1990,,Cyprus,CY
