ano,valor,pais,codigo_pais
2024,,Czechia,CZ
2023,,Czechia,CZ
2022,0.733050525188446,Czechia,CZ
2021,0.818719029426575,Czechia,CZ
2020,0.760892689228058,Czechia,CZ
2019,0.680000007152557,Czechia,CZ
2018,0.700467050075531,Czechia,CZ
2017,0.680000007152557,Czechia,CZ
2016,0.649999976158142,Czechia,CZ
2015,0.600000023841858,Czechia,CZ
2014,0.5,Czechia,CZ
2013,0.0,Czechia,CZ
2012,0.0,Czechia,CZ
2011,0.0,Czechia,CZ
2010,0.0,Czechia,CZ
2009,,Czechia,CZ
2008,,Czechia,CZ
2007,,Czechia,CZ
2006,,Czechia,CZ
2005,,Czechia,CZ
2004,,Czechia,CZ
2003,,Czechia,CZ
2002,,Czechia,CZ
2001,,Czechia,CZ
2000,,Czechia,CZ
1999,,Czechia,CZ
1998,,Czechia,CZ
1997,,Czechia,CZ
1996,,Czechia,CZ
1995,,Czechia,CZ
1994,,Czechia,CZ
1993,,Czechia,CZ
1992,,Czechia,CZ
1991,,Czechia,CZ
1990,,Czechia,CZ
