ano,valor,pais,codigo_pais
2024,,Denmark,DK
2023,,Denmark,DK
2022,1.12425911426544,Denmark,DK
2021,1.06936359405518,Denmark,DK
2020,1.12999999523163,Denmark,DK
2019,1.03126919269562,Denmark,DK
2018,0.779999971389771,Denmark,DK
2017,0.836809039115906,Denmark,DK
2016,0.839999973773956,Denmark,DK
2015,0.649999976158142,Denmark,DK
2014,0.756140053272247,Denmark,DK
2013,0.0,Denmark,DK
2012,0.0,Denmark,DK
2011,0.0,Denmark,DK
2010,0.0,Denmark,DK
2009,,Denmark,DK
2008,,Denmark,DK
2007,,Denmark,DK
2006,,Denmark,DK
2005,,Denmark,DK
2004,,Denmark,DK
2003,,Denmark,DK
2002,,Denmark,DK
2001,,Denmark,DK
2000,,Denmark,DK
1999,,Denmark,DK
1998,,Denmark,DK
1997,,Denmark,DK
1996,,Denmark,DK
1995,,Denmark,DK
1994,,Denmark,DK
1993,,Denmark,DK
1992,,Denmark,DK
1991,,Denmark,DK
1990,,Denmark,DK
