ano,valor,pais,codigo_pais
2024,,Ecuador,EC
2023,,Ecuador,EC
2022,,Ecuador,EC
2021,,Ecuador,EC
2020,,Ecuador,EC
2019,,Ecuador,EC
2018,,Ecuador,EC
2017,,Ecuador,EC
2016,,Ecuador,EC
2015,,Ecuador,EC
2014,,Ecuador,EC
2013,,Ecuador,EC
2012,,Ecuador,EC
2011,,Ecuador,EC
2010,,Ecuador,EC
2009,,Ecuador,EC
2008,,Ecuador,EC
2007,,Ecuador,EC
2006,,Ecuador,EC
2005,,Ecuador,EC
2004,,Ecuador,EC
2003,,Ecuador,EC
2002,,Ecuador,EC
2001,,Ecuador,EC
2000,,Ecuador,EC
1999,,Ecuador,EC
1998,,Ecuador,EC
1997,,Ecuador,EC
1996,,Ecuador,EC
1995,,Ecuador,EC
1994,,Ecuador,EC
1993,,Ecuador,EC
1992,,Ecuador,EC
1991,,Ecuador,EC
1990,,Ecuador,EC
