ano,valor,pais,codigo_pais
2024,,Estonia,EE
2023,,Estonia,EE
2022,0.821721136569977,Estonia,EE
2021,0.70736026763916,Estonia,EE
2020,0.930000007152557,Estonia,EE
2019,0.695234775543213,Estonia,EE
2018,0.749990880489349,Estonia,EE
2017,0.638006210327148,Estonia,EE
2016,0.579693019390106,Estonia,EE
2015,0.639292120933533,Estonia,EE
2014,0.522976458072662,Estonia,EE
2013,,Estonia,EE
2012,,Estonia,EE
2011,,Estonia,EE
2010,,Estonia,EE
2009,,Estonia,EE
2008,,Estonia,EE
2007,,Estonia,EE
2006,,Estonia,EE
2005,,Estonia,EE
2004,,Estonia,EE
2003,,Estonia,EE
2002,,Estonia,EE
2001,,Estonia,EE
2000,,Estonia,EE
1999,,Estonia,EE
1998,,Estonia,EE
1997,,Estonia,EE
1996,,Estonia,EE
1995,,Estonia,EE
1994,,Estonia,EE
1993,,Estonia,EE
1992,,Estonia,EE
1991,,Estonia,EE
1990,,Estonia,EE
