ano,valor,pais,codigo_pais
2024,,Fiji,FJ
2023,,Fiji,FJ
2022,,Fiji,FJ
2021,,Fiji,FJ
2020,,Fiji,FJ
2019,,Fiji,FJ
2018,,Fiji,FJ
2017,0.0700000002980232,Fiji,FJ
2016,1.28682219982147,Fiji,FJ
2015,,Fiji,FJ
2014,0.0287860967218876,Fiji,FJ
2013,,Fiji,FJ
2012,,Fiji,FJ
2011,1.07686471939087,Fiji,FJ
2010,,Fiji,FJ
2009,,Fiji,FJ
2008,,Fiji,FJ
2007,,Fiji,FJ
2006,,Fiji,FJ
2005,,Fiji,FJ
2004,,Fiji,FJ
2003,,Fiji,FJ
2002,,Fiji,FJ
2001,,Fiji,FJ
2000,,Fiji,FJ
1999,,Fiji,FJ
1998,,Fiji,FJ
1997,,Fiji,FJ
1996,,Fiji,FJ
1995,,Fiji,FJ
1994,,Fiji,FJ
1993,,Fiji,FJ
1992,,Fiji,FJ
1991,,Fiji,FJ
1990,,Fiji,FJ
