ano,valor,pais,codigo_pais
2024,,Finland,FI
2023,,Finland,FI
2022,1.43871772289276,Finland,FI
2021,1.34749591350555,Finland,FI
2020,1.39016544818878,Finland,FI
2019,1.23000001907349,Finland,FI
2018,1.16316628456116,Finland,FI
2017,1.13999998569489,Finland,FI
2016,1.16362273693085,Finland,FI
2015,1.08000004291534,Finland,FI
2014,1.05999994277954,Finland,FI
2013,1.02999997138977,Finland,FI
2012,1.0,Finland,FI
2011,0.0,Finland,FI
2010,0.0,Finland,FI
2009,,Finland,FI
2008,,Finland,FI
2007,,Finland,FI
2006,,Finland,FI
2005,,Finland,FI
2004,,Finland,FI
2003,,Finland,FI
2002,,Finland,FI
2001,,Finland,FI
2000,,Finland,FI
1999,,Finland,FI
1998,,Finland,FI
1997,,Finland,FI
1996,,Finland,FI
1995,,Finland,FI
1994,,Finland,FI
1993,,Finland,FI
1992,,Finland,FI
1991,,Finland,FI
1990,,Finland,FI
