ano,valor,pais,codigo_pais
2024,,France,FR
2023,1.06558990478516,France,FR
2022,0.912756323814392,France,FR
2021,0.931437194347382,France,FR
2020,0.890448331832886,France,FR
2019,0.850000023841858,France,FR
2018,0.832355260848999,France,FR
2017,0.839999973773956,France,FR
2016,0.800000011920929,France,FR
2015,0.759999990463257,France,FR
2014,0.709999978542328,France,FR
2013,,France,FR
2012,,France,FR
2011,,France,FR
2010,,France,FR
2009,,France,FR
2008,,France,FR
2007,,France,FR
2006,,France,FR
2005,,France,FR
2004,,France,FR
2003,,France,FR
2002,,France,FR
2001,,France,FR
2000,,France,FR
1999,,France,FR
1998,,France,FR
1997,,France,FR
1996,,France,FR
1995,,France,FR
1994,,France,FR
1993,,France,FR
1992,,France,FR
1991,,France,FR
1990,,France,FR
