ano,valor,pais,codigo_pais
2024,,Germany,DE
2023,,Germany,DE
2022,1.75620222091675,Germany,DE
2021,1.68373048305511,Germany,DE
2020,1.50999999046326,Germany,DE
2019,1.37755811214447,Germany,DE
2018,1.25,Germany,DE
2017,1.31758415699005,Germany,DE
2016,1.32000005245209,Germany,DE
2015,1.28999996185303,Germany,DE
2014,1.25999999046326,Germany,DE
2013,0.0,Germany,DE
2012,0.0,Germany,DE
2011,0.0,Germany,DE
2010,0.0,Germany,DE
2009,,Germany,DE
2008,,Germany,DE
2007,,Germany,DE
2006,,Germany,DE
2005,,Germany,DE
2004,,Germany,DE
2003,,Germany,DE
2002,,Germany,DE
2001,,Germany,DE
2000,,Germany,DE
1999,,Germany,DE
1998,,Germany,DE
1997,,Germany,DE
1996,,Germany,DE
1995,,Germany,DE
1994,,Germany,DE
1993,,Germany,DE
1992,,Germany,DE
1991,,Germany,DE
1990,,Germany,DE
