ano,valor,pais,codigo_pais
2024,,Switzerland,CH
2023,3.24679851531982,Switzerland,CH
2022,3.13897466659546,Switzerland,CH
2021,2.97480964660645,Switzerland,CH
2020,2.87605619430542,Switzerland,CH
2019,2.96000003814697,Switzerland,CH
2018,2.9300000667572,Switzerland,CH
2017,2.93955540657043,Switzerland,CH
2016,2.91000008583069,Switzerland,CH
2015,2.90000009536743,Switzerland,CH
2014,2.97000002861023,Switzerland,CH
2013,2.33633399009705,Switzerland,CH
2012,2.43463015556335,Switzerland,CH
2011,,Switzerland,CH
2010,,Switzerland,CH
2009,,Switzerland,CH
2008,,Switzerland,CH
2007,,Switzerland,CH
2006,,Switzerland,CH
2005,,Switzerland,CH
2004,,Switzerland,CH
2003,,Switzerland,CH
2002,,Switzerland,CH
2001,,Switzerland,CH
2000,,Switzerland,CH
1999,,Switzerland,CH
1998,,Switzerland,CH
1997,,Switzerland,CH
1996,,Switzerland,CH
1995,,Switzerland,CH
1994,,Switzerland,CH
1993,,Switzerland,CH
1992,,Switzerland,CH
1991,,Switzerland,CH
1990,,Switzerland,CH
